[debug] [2026-10-05T09:18:46.297Z] ----------------------------------------------------------------------
[debug] [2026-10-05T09:18:46.300Z] Command:       C:\Program Files\nodejs\node.exe C:\Users\nico\AppData\Roaming\npm\node_modules\firebase-tools\lib\bin\firebase.js deploy --only functions
[debug] [2026-10-05T09:18:46.300Z] CLI Version:   15.20.0
[debug] [2026-10-05T09:18:46.300Z] Platform:      win32
[debug] [2026-10-05T09:18:46.300Z] Node Version:  v24.14.0
[debug] [2026-10-05T09:18:46.300Z] Time:          Mon Oct 05 2026 16:18:46 GMT+0700 (Waktu Indonesia Barat)
[debug] [2026-10-05T09:18:46.300Z] ----------------------------------------------------------------------
[debug] 
[debug] [2026-10-05T09:18:47.372Z] > command requires scopes: ["email","openid","https://www.googleapis.com/auth/cloudplatformprojects.readonly","https://www.googleapis.com/auth/firebase","https://www.googleapis.com/auth/cloud-platform"]
[debug] [2026-10-05T09:18:47.372Z] > authorizing via signed-in user (info@petroprimasejahtera.net)
[debug] [2026-10-05T09:18:47.373Z] [iam] checking project fuelops-pps for permissions ["cloudfunctions.functions.create","cloudfunctions.functions.delete","cloudfunctions.functions.get","cloudfunctions.functions.list","cloudfunctions.functions.update","cloudfunctions.operations.get","firebase.projects.get"]
[debug] [2026-10-05T09:18:47.374Z] Checked if tokens are valid: true, expires at: 1791195045496
[debug] [2026-10-05T09:18:47.374Z] Checked if tokens are valid: true, expires at: 1791195045496
[debug] [2026-10-05T09:18:47.375Z] >>> [apiv2][query] POST https://cloudresourcemanager.googleapis.com/v1/projects/fuelops-pps:testIamPermissions [none]
[debug] [2026-10-05T09:18:47.375Z] >>> [apiv2][(partial)header] POST https://cloudresourcemanager.googleapis.com/v1/projects/fuelops-pps:testIamPermissions  x-goog-user-project=fuelops-pps
[debug] [2026-10-05T09:18:47.375Z] >>> [apiv2][body] POST https://cloudresourcemanager.googleapis.com/v1/projects/fuelops-pps:testIamPermissions {"permissions":["cloudfunctions.functions.create","cloudfunctions.functions.delete","cloudfunctions.functions.get","cloudfunctions.functions.list","cloudfunctions.functions.update","cloudfunctions.operations.get","firebase.projects.get"]}
[debug] [2026-10-05T09:18:48.745Z] <<< [apiv2][status] POST https://cloudresourcemanager.googleapis.com/v1/projects/fuelops-pps:testIamPermissions 200
[debug] [2026-10-05T09:18:48.745Z] <<< [apiv2][body] POST https://cloudresourcemanager.googleapis.com/v1/projects/fuelops-pps:testIamPermissions {"permissions":["cloudfunctions.functions.create","cloudfunctions.functions.delete","cloudfunctions.functions.get","cloudfunctions.functions.list","cloudfunctions.functions.update","cloudfunctions.operations.get","firebase.projects.get"]}
[debug] [2026-10-05T09:18:48.746Z] Checked if tokens are valid: true, expires at: 1791195045496
[debug] [2026-10-05T09:18:48.746Z] Checked if tokens are valid: true, expires at: 1791195045496
[debug] [2026-10-05T09:18:48.746Z] >>> [apiv2][query] POST https://iam.googleapis.com/v1/projects/fuelops-pps/serviceAccounts/fuelops-pps@appspot.gserviceaccount.com:testIamPermissions [none]
[debug] [2026-10-05T09:18:48.746Z] >>> [apiv2][body] POST https://iam.googleapis.com/v1/projects/fuelops-pps/serviceAccounts/fuelops-pps@appspot.gserviceaccount.com:testIamPermissions {"permissions":["iam.serviceAccounts.actAs"]}
[debug] [2026-10-05T09:18:50.124Z] <<< [apiv2][status] POST https://iam.googleapis.com/v1/projects/fuelops-pps/serviceAccounts/fuelops-pps@appspot.gserviceaccount.com:testIamPermissions 200
[debug] [2026-10-05T09:18:50.124Z] <<< [apiv2][body] POST https://iam.googleapis.com/v1/projects/fuelops-pps/serviceAccounts/fuelops-pps@appspot.gserviceaccount.com:testIamPermissions {"permissions":["iam.serviceAccounts.actAs"]}
[info] 
[info] === Deploying to 'fuelops-pps'...
[info] 
[info] i  deploying functions 
[debug] [2026-10-05T09:18:50.130Z] Checked if tokens are valid: true, expires at: 1791195045496
[debug] [2026-10-05T09:18:50.130Z] Checked if tokens are valid: true, expires at: 1791195045496
[debug] [2026-10-05T09:18:50.130Z] >>> [apiv2][query] GET https://cloudresourcemanager.googleapis.com/v1/projects/fuelops-pps [none]
[debug] [2026-10-05T09:18:50.452Z] <<< [apiv2][status] GET https://cloudresourcemanager.googleapis.com/v1/projects/fuelops-pps 200
[debug] [2026-10-05T09:18:50.453Z] <<< [apiv2][body] GET https://cloudresourcemanager.googleapis.com/v1/projects/fuelops-pps {"projectNumber":"376255644533","projectId":"fuelops-pps","lifecycleState":"ACTIVE","name":"fuelops-pps","labels":{"firebase":"enabled","firebase-core":"disabled"},"createTime":"2026-03-03T03:58:24.247822Z","parent":{"type":"organization","id":"662614980553"}}
[info] i  functions: preparing codebase default for deployment 
[info] i  functions: ensuring required API cloudfunctions.googleapis.com is enabled... 
[info] i  functions: ensuring required API cloudbuild.googleapis.com is enabled... 
[info] i  artifactregistry: ensuring required API artifactregistry.googleapis.com is enabled... 
[debug] [2026-10-05T09:18:50.460Z] Checked if tokens are valid: true, expires at: 1791195045496
[debug] [2026-10-05T09:18:50.460Z] Checked if tokens are valid: true, expires at: 1791195045496
[debug] [2026-10-05T09:18:50.460Z] >>> [apiv2][query] GET https://firebase.googleapis.com/v1beta1/projects/fuelops-pps/adminSdkConfig [none]
[debug] [2026-10-05T09:18:50.859Z] <<< [apiv2][status] GET https://firebase.googleapis.com/v1beta1/projects/fuelops-pps/adminSdkConfig 200
[debug] [2026-10-05T09:18:50.859Z] <<< [apiv2][body] GET https://firebase.googleapis.com/v1beta1/projects/fuelops-pps/adminSdkConfig {"projectId":"fuelops-pps","storageBucket":"fuelops-pps.firebasestorage.app"}
[debug] [2026-10-05T09:18:50.861Z] Validating nodejs source
[warn] !  functions: package.json indicates an outdated version of firebase-functions. Please upgrade using npm install --save firebase-functions@latest in your functions directory. 
[warn] !  functions: Please note that there will be breaking changes when you upgrade. 
[debug] [2026-10-05T09:18:51.716Z] > [functions] package.json contents: {
  "name": "bunkerops-functions",
  "description": "Cloud Functions for bunkerops — server-side status cascade",
  "type": "commonjs",
  "engines": {
    "node": "22"
  },
  "main": "index.js",
  "dependencies": {
    "firebase-admin": "^13.0.0",
    "firebase-functions": "^6.5.0"
  },
  "private": true
}
[debug] [2026-10-05T09:18:51.716Z] Building nodejs source
[info] i  functions: Loading and analyzing source code for codebase default to determine what to deploy 
[debug] [2026-10-05T09:18:51.717Z] Could not find functions.yaml. Must use http discovery
[debug] [2026-10-05T09:18:51.723Z] Found firebase-functions binary at 'C:\Users\nico\Documents\Nic Personal Project\bunkerops\functions\node_modules\.bin\firebase-functions'
[info] Serving at port 8469

[debug] [2026-10-05T09:18:55.417Z] Got response from /__/functions.yaml {"endpoints":{"onBastStatusChange":{"availableMemoryMb":null,"timeoutSeconds":null,"minInstances":null,"maxInstances":10,"ingressSettings":null,"concurrency":null,"serviceAccountEmail":null,"vpc":null,"platform":"gcfv2","region":["asia-southeast1"],"labels":{},"eventTrigger":{"eventType":"google.cloud.firestore.document.v1.written","eventFilters":{"database":"(default)","namespace":"(default)"},"eventFilterPathPatterns":{"document":"bunkerops_bast/{bastId}"},"retry":false},"entryPoint":"onBastStatusChange"}},"specVersion":"v1alpha1","requiredAPIs":[],"extensions":{}}
[debug] [2026-10-05T09:18:59.448Z] Checked if tokens are valid: true, expires at: 1791195045496
[debug] [2026-10-05T09:18:59.449Z] Checked if tokens are valid: true, expires at: 1791195045496
[debug] [2026-10-05T09:18:59.449Z] >>> [apiv2][query] GET https://cloudfunctions.googleapis.com/v1/projects/fuelops-pps/locations/-/functions [none]
[debug] [2026-10-05T09:19:00.254Z] <<< [apiv2][status] GET https://cloudfunctions.googleapis.com/v1/projects/fuelops-pps/locations/-/functions 200
[debug] [2026-10-05T09:19:00.254Z] <<< [apiv2][body] GET https://cloudfunctions.googleapis.com/v1/projects/fuelops-pps/locations/-/functions {}
[debug] [2026-10-05T09:19:00.254Z] Checked if tokens are valid: true, expires at: 1791195045496
[debug] [2026-10-05T09:19:00.254Z] Checked if tokens are valid: true, expires at: 1791195045496
[debug] [2026-10-05T09:19:00.254Z] >>> [apiv2][query] GET https://cloudfunctions.googleapis.com/v2/projects/fuelops-pps/locations/-/functions filter=environment%3D%22GEN_2%22
[debug] [2026-10-05T09:19:00.834Z] <<< [apiv2][status] GET https://cloudfunctions.googleapis.com/v2/projects/fuelops-pps/locations/-/functions 200
[debug] [2026-10-05T09:19:00.834Z] <<< [apiv2][body] GET https://cloudfunctions.googleapis.com/v2/projects/fuelops-pps/locations/-/functions {}
[info] i  extensions: ensuring required API firebaseextensions.googleapis.com is enabled... 
[debug] [2026-10-05T09:19:00.837Z] Checked if tokens are valid: true, expires at: 1791195045496
[debug] [2026-10-05T09:19:00.837Z] Checked if tokens are valid: true, expires at: 1791195045496
[debug] [2026-10-05T09:19:00.837Z] >>> [apiv2][query] GET https://serviceusage.googleapis.com/v1/projects/fuelops-pps/services/firebaseextensions.googleapis.com [none]
[debug] [2026-10-05T09:19:00.837Z] >>> [apiv2][(partial)header] GET https://serviceusage.googleapis.com/v1/projects/fuelops-pps/services/firebaseextensions.googleapis.com  x-goog-user-project=fuelops-pps
[debug] [2026-10-05T09:19:02.387Z] <<< [apiv2][status] GET https://serviceusage.googleapis.com/v1/projects/fuelops-pps/services/firebaseextensions.googleapis.com 200
[debug] [2026-10-05T09:19:02.387Z] <<< [apiv2][body] GET https://serviceusage.googleapis.com/v1/projects/fuelops-pps/services/firebaseextensions.googleapis.com [omitted]
[warn] !  extensions: missing required API firebaseextensions.googleapis.com. Enabling now... 
[debug] [2026-10-05T09:19:02.388Z] Checked if tokens are valid: true, expires at: 1791195045496
[debug] [2026-10-05T09:19:02.388Z] Checked if tokens are valid: true, expires at: 1791195045496
[debug] [2026-10-05T09:19:02.388Z] >>> [apiv2][query] POST https://serviceusage.googleapis.com/v1/projects/fuelops-pps/services/firebaseextensions.googleapis.com:enable [none]
[debug] [2026-10-05T09:19:02.388Z] >>> [apiv2][(partial)header] POST https://serviceusage.googleapis.com/v1/projects/fuelops-pps/services/firebaseextensions.googleapis.com:enable  x-goog-user-project=fuelops-pps
[debug] [2026-10-05T09:19:04.034Z] <<< [apiv2][status] POST https://serviceusage.googleapis.com/v1/projects/fuelops-pps/services/firebaseextensions.googleapis.com:enable 200
[debug] [2026-10-05T09:19:04.035Z] <<< [apiv2][body] POST https://serviceusage.googleapis.com/v1/projects/fuelops-pps/services/firebaseextensions.googleapis.com:enable [omitted]
[debug] [2026-10-05T09:19:14.049Z] > command requires scopes: ["email","openid","https://www.googleapis.com/auth/cloudplatformprojects.readonly","https://www.googleapis.com/auth/firebase","https://www.googleapis.com/auth/cloud-platform"]
[debug] [2026-10-05T09:19:14.049Z] > authorizing via signed-in user (info@petroprimasejahtera.net)
[debug] [2026-10-05T09:19:14.049Z] [iam] checking project fuelops-pps for permissions ["firebase.projects.get","firebaseextensions.instances.list"]
[debug] [2026-10-05T09:19:14.049Z] Checked if tokens are valid: true, expires at: 1791195045496
[debug] [2026-10-05T09:19:14.049Z] Checked if tokens are valid: true, expires at: 1791195045496
[debug] [2026-10-05T09:19:14.049Z] >>> [apiv2][query] POST https://cloudresourcemanager.googleapis.com/v1/projects/fuelops-pps:testIamPermissions [none]
[debug] [2026-10-05T09:19:14.049Z] >>> [apiv2][(partial)header] POST https://cloudresourcemanager.googleapis.com/v1/projects/fuelops-pps:testIamPermissions  x-goog-user-project=fuelops-pps
[debug] [2026-10-05T09:19:14.049Z] >>> [apiv2][body] POST https://cloudresourcemanager.googleapis.com/v1/projects/fuelops-pps:testIamPermissions {"permissions":["firebase.projects.get","firebaseextensions.instances.list"]}
[debug] [2026-10-05T09:19:15.309Z] <<< [apiv2][status] POST https://cloudresourcemanager.googleapis.com/v1/projects/fuelops-pps:testIamPermissions 200
[debug] [2026-10-05T09:19:15.309Z] <<< [apiv2][body] POST https://cloudresourcemanager.googleapis.com/v1/projects/fuelops-pps:testIamPermissions {"permissions":["firebase.projects.get","firebaseextensions.instances.list"]}
[debug] [2026-10-05T09:19:15.309Z] Checked if tokens are valid: true, expires at: 1791195045496
[debug] [2026-10-05T09:19:15.309Z] Checked if tokens are valid: true, expires at: 1791195045496
[debug] [2026-10-05T09:19:15.310Z] >>> [apiv2][query] GET https://firebaseextensions.googleapis.com/v1beta/projects/fuelops-pps/instances pageSize=100&pageToken=
[debug] [2026-10-05T09:19:17.879Z] <<< [apiv2][status] GET https://firebaseextensions.googleapis.com/v1beta/projects/fuelops-pps/instances 200
[debug] [2026-10-05T09:19:17.879Z] <<< [apiv2][body] GET https://firebaseextensions.googleapis.com/v1beta/projects/fuelops-pps/instances {}
[info] i  functions: preparing functions directory for uploading... 
[info] i  functions: packaged C:\Users\nico\Documents\Nic Personal Project\bunkerops\functions (32.79 KB) for uploading 
[debug] [2026-10-05T09:19:17.909Z] Checked if tokens are valid: true, expires at: 1791195045496
[debug] [2026-10-05T09:19:17.909Z] Checked if tokens are valid: true, expires at: 1791195045496
[debug] [2026-10-05T09:19:17.909Z] >>> [apiv2][query] GET https://firestore.googleapis.com/v1/projects/fuelops-pps/databases/(default) [none]
[debug] [2026-10-05T09:19:18.108Z] <<< [apiv2][status] GET https://firestore.googleapis.com/v1/projects/fuelops-pps/databases/(default) 200
[debug] [2026-10-05T09:19:18.109Z] <<< [apiv2][body] GET https://firestore.googleapis.com/v1/projects/fuelops-pps/databases/(default) {"name":"projects/fuelops-pps/databases/(default)","uid":"bae41288-620d-41ba-bdb4-d054204437b5","createTime":"2026-04-13T06:23:26.980200Z","updateTime":"2026-04-13T06:23:26.980200Z","locationId":"asia-southeast1","type":"FIRESTORE_NATIVE","concurrencyMode":"PESSIMISTIC","versionRetentionPeriod":"604800s","earliestVersionTime":"2026-09-28T09:20:00Z","appEngineIntegrationMode":"DISABLED","keyPrefix":"zas","pointInTimeRecoveryEnablement":"POINT_IN_TIME_RECOVERY_ENABLED","deleteProtectionState":"DELETE_PROTECTION_DISABLED","sourceInfo":{"backup":{"backup":"projects/fuelops-pps/locations/asia-southeast1/backups/a2325d47-4435-4c82-91d8-186f55b137e6","snapshotTime":"2026-04-08T14:34:39.794392Z"},"operation":"projects/fuelops-pps/databases/(default)/operations/tTdEIFTQtL26QQ1iiBLkuhAqMXRzYWVodHVvcy1haXNhDyIKECUa","progress":"COMPLETED"},"backupConfig":{"backupSchedulesEnabled":true},"databaseEdition":"STANDARD","freeTier":true,"realtimeUpdatesMode":"REALTIME_UPDATES_MODE_ENABLED","etag":"ILbKiILGopcDMJvkq77MipcD"}
[info] i  functions: ensuring required API run.googleapis.com is enabled... 
[debug] [2026-10-05T09:19:18.111Z] Checked if tokens are valid: true, expires at: 1791195045496
[debug] [2026-10-05T09:19:18.111Z] Checked if tokens are valid: true, expires at: 1791195045496
[info] i  functions: ensuring required API eventarc.googleapis.com is enabled... 
[debug] [2026-10-05T09:19:18.112Z] Checked if tokens are valid: true, expires at: 1791195045496
[debug] [2026-10-05T09:19:18.112Z] Checked if tokens are valid: true, expires at: 1791195045496
[info] i  functions: ensuring required API pubsub.googleapis.com is enabled... 
[debug] [2026-10-05T09:19:18.113Z] Checked if tokens are valid: true, expires at: 1791195045496
[debug] [2026-10-05T09:19:18.113Z] Checked if tokens are valid: true, expires at: 1791195045496
[info] i  functions: ensuring required API storage.googleapis.com is enabled... 
[debug] [2026-10-05T09:19:18.114Z] Checked if tokens are valid: true, expires at: 1791195045496
[debug] [2026-10-05T09:19:18.114Z] Checked if tokens are valid: true, expires at: 1791195045496
[debug] [2026-10-05T09:19:18.114Z] >>> [apiv2][query] GET https://serviceusage.googleapis.com/v1/projects/376255644533/services/run.googleapis.com [none]
[debug] [2026-10-05T09:19:18.114Z] >>> [apiv2][(partial)header] GET https://serviceusage.googleapis.com/v1/projects/376255644533/services/run.googleapis.com  x-goog-user-project=376255644533
[debug] [2026-10-05T09:19:18.116Z] >>> [apiv2][query] GET https://serviceusage.googleapis.com/v1/projects/376255644533/services/eventarc.googleapis.com [none]
[debug] [2026-10-05T09:19:18.116Z] >>> [apiv2][(partial)header] GET https://serviceusage.googleapis.com/v1/projects/376255644533/services/eventarc.googleapis.com  x-goog-user-project=376255644533
[debug] [2026-10-05T09:19:18.117Z] >>> [apiv2][query] GET https://serviceusage.googleapis.com/v1/projects/376255644533/services/pubsub.googleapis.com [none]
[debug] [2026-10-05T09:19:18.117Z] >>> [apiv2][(partial)header] GET https://serviceusage.googleapis.com/v1/projects/376255644533/services/pubsub.googleapis.com  x-goog-user-project=376255644533
[debug] [2026-10-05T09:19:18.117Z] >>> [apiv2][query] GET https://serviceusage.googleapis.com/v1/projects/376255644533/services/storage.googleapis.com [none]
[debug] [2026-10-05T09:19:18.117Z] >>> [apiv2][(partial)header] GET https://serviceusage.googleapis.com/v1/projects/376255644533/services/storage.googleapis.com  x-goog-user-project=376255644533
[debug] [2026-10-05T09:19:19.558Z] <<< [apiv2][status] GET https://serviceusage.googleapis.com/v1/projects/376255644533/services/run.googleapis.com 200
[debug] [2026-10-05T09:19:19.559Z] <<< [apiv2][body] GET https://serviceusage.googleapis.com/v1/projects/376255644533/services/run.googleapis.com [omitted]
[warn] !  functions: missing required API run.googleapis.com. Enabling now... 
[debug] [2026-10-05T09:19:19.559Z] Checked if tokens are valid: true, expires at: 1791195045496
[debug] [2026-10-05T09:19:19.559Z] Checked if tokens are valid: true, expires at: 1791195045496
[debug] [2026-10-05T09:19:19.559Z] >>> [apiv2][query] POST https://serviceusage.googleapis.com/v1/projects/376255644533/services/run.googleapis.com:enable [none]
[debug] [2026-10-05T09:19:19.559Z] >>> [apiv2][(partial)header] POST https://serviceusage.googleapis.com/v1/projects/376255644533/services/run.googleapis.com:enable  x-goog-user-project=376255644533
[debug] [2026-10-05T09:19:19.586Z] <<< [apiv2][status] GET https://serviceusage.googleapis.com/v1/projects/376255644533/services/eventarc.googleapis.com 200
[debug] [2026-10-05T09:19:19.586Z] <<< [apiv2][body] GET https://serviceusage.googleapis.com/v1/projects/376255644533/services/eventarc.googleapis.com [omitted]
[warn] !  functions: missing required API eventarc.googleapis.com. Enabling now... 
[debug] [2026-10-05T09:19:19.586Z] Checked if tokens are valid: true, expires at: 1791195045496
[debug] [2026-10-05T09:19:19.586Z] Checked if tokens are valid: true, expires at: 1791195045496
[debug] [2026-10-05T09:19:19.586Z] >>> [apiv2][query] POST https://serviceusage.googleapis.com/v1/projects/376255644533/services/eventarc.googleapis.com:enable [none]
[debug] [2026-10-05T09:19:19.586Z] >>> [apiv2][(partial)header] POST https://serviceusage.googleapis.com/v1/projects/376255644533/services/eventarc.googleapis.com:enable  x-goog-user-project=376255644533
[debug] [2026-10-05T09:19:19.628Z] <<< [apiv2][status] GET https://serviceusage.googleapis.com/v1/projects/376255644533/services/pubsub.googleapis.com 200
[debug] [2026-10-05T09:19:19.628Z] <<< [apiv2][body] GET https://serviceusage.googleapis.com/v1/projects/376255644533/services/pubsub.googleapis.com [omitted]
[info] +  functions: required API pubsub.googleapis.com is enabled 
[debug] [2026-10-05T09:19:19.659Z] <<< [apiv2][status] GET https://serviceusage.googleapis.com/v1/projects/376255644533/services/storage.googleapis.com 200
[debug] [2026-10-05T09:19:19.659Z] <<< [apiv2][body] GET https://serviceusage.googleapis.com/v1/projects/376255644533/services/storage.googleapis.com [omitted]
[info] +  functions: required API storage.googleapis.com is enabled 
[debug] [2026-10-05T09:19:21.208Z] <<< [apiv2][status] POST https://serviceusage.googleapis.com/v1/projects/376255644533/services/eventarc.googleapis.com:enable 200
[debug] [2026-10-05T09:19:21.208Z] <<< [apiv2][body] POST https://serviceusage.googleapis.com/v1/projects/376255644533/services/eventarc.googleapis.com:enable [omitted]
[debug] [2026-10-05T09:19:21.254Z] <<< [apiv2][status] POST https://serviceusage.googleapis.com/v1/projects/376255644533/services/run.googleapis.com:enable 200
[debug] [2026-10-05T09:19:21.254Z] <<< [apiv2][body] POST https://serviceusage.googleapis.com/v1/projects/376255644533/services/run.googleapis.com:enable [omitted]
[info] i  functions: generating the service identity for pubsub.googleapis.com... 
[debug] [2026-10-05T09:19:31.276Z] Checked if tokens are valid: true, expires at: 1791195045496
[debug] [2026-10-05T09:19:31.276Z] Checked if tokens are valid: true, expires at: 1791195045496
[info] i  functions: generating the service identity for eventarc.googleapis.com... 
[debug] [2026-10-05T09:19:31.276Z] Checked if tokens are valid: true, expires at: 1791195045496
[debug] [2026-10-05T09:19:31.276Z] Checked if tokens are valid: true, expires at: 1791195045496
[debug] [2026-10-05T09:19:31.276Z] >>> [apiv2][query] POST https://serviceusage.googleapis.com/v1beta1/projects/376255644533/services/pubsub.googleapis.com:generateServiceIdentity [none]
[debug] [2026-10-05T09:19:31.276Z] >>> [apiv2][(partial)header] POST https://serviceusage.googleapis.com/v1beta1/projects/376255644533/services/pubsub.googleapis.com:generateServiceIdentity  x-goog-user-project=376255644533
[debug] [2026-10-05T09:19:31.276Z] >>> [apiv2][body] POST https://serviceusage.googleapis.com/v1beta1/projects/376255644533/services/pubsub.googleapis.com:generateServiceIdentity {}
[debug] [2026-10-05T09:19:31.278Z] >>> [apiv2][query] POST https://serviceusage.googleapis.com/v1beta1/projects/376255644533/services/eventarc.googleapis.com:generateServiceIdentity [none]
[debug] [2026-10-05T09:19:31.278Z] >>> [apiv2][(partial)header] POST https://serviceusage.googleapis.com/v1beta1/projects/376255644533/services/eventarc.googleapis.com:generateServiceIdentity  x-goog-user-project=376255644533
[debug] [2026-10-05T09:19:31.278Z] >>> [apiv2][body] POST https://serviceusage.googleapis.com/v1beta1/projects/376255644533/services/eventarc.googleapis.com:generateServiceIdentity {}
[debug] [2026-10-05T09:19:33.066Z] <<< [apiv2][status] POST https://serviceusage.googleapis.com/v1beta1/projects/376255644533/services/pubsub.googleapis.com:generateServiceIdentity 200
[debug] [2026-10-05T09:19:33.066Z] <<< [apiv2][body] POST https://serviceusage.googleapis.com/v1beta1/projects/376255644533/services/pubsub.googleapis.com:generateServiceIdentity {"name":"operations/finished.DONE_OPERATION","done":true,"response":{"@type":"type.googleapis.com/google.api.serviceusage.v1beta1.ServiceIdentity","email":"service-376255644533@gcp-sa-pubsub.iam.gserviceaccount.com","uniqueId":"117954864248410545177"}}
[debug] [2026-10-05T09:19:33.217Z] <<< [apiv2][status] POST https://serviceusage.googleapis.com/v1beta1/projects/376255644533/services/eventarc.googleapis.com:generateServiceIdentity 200
[debug] [2026-10-05T09:19:33.217Z] <<< [apiv2][body] POST https://serviceusage.googleapis.com/v1beta1/projects/376255644533/services/eventarc.googleapis.com:generateServiceIdentity {"name":"operations/finished.DONE_OPERATION","done":true,"response":{"@type":"type.googleapis.com/google.api.serviceusage.v1beta1.ServiceIdentity","email":"service-376255644533@gcp-sa-eventarc.iam.gserviceaccount.com","uniqueId":"101758914906172613669"}}
[debug] [2026-10-05T09:19:33.220Z] Checked if tokens are valid: true, expires at: 1791195045496
[debug] [2026-10-05T09:19:33.220Z] Checked if tokens are valid: true, expires at: 1791195045496
[debug] [2026-10-05T09:19:33.220Z] >>> [apiv2][query] GET https://compute.googleapis.com/compute/v1/projects/376255644533 [none]
[debug] [2026-10-05T09:19:33.606Z] <<< [apiv2][status] GET https://compute.googleapis.com/compute/v1/projects/376255644533 403
[debug] [2026-10-05T09:19:33.606Z] <<< [apiv2][body] GET https://compute.googleapis.com/compute/v1/projects/376255644533 {"error":{"code":403,"message":"Compute Engine API has not been used in project 376255644533 before or it is disabled. Enable it by visiting https://console.developers.google.com/apis/api/compute.googleapis.com/overview?project=376255644533 then retry. If you enabled this API recently, wait a few minutes for the action to propagate to our systems and retry.","errors":[{"message":"Compute Engine API has not been used in project 376255644533 before or it is disabled. Enable it by visiting https://console.developers.google.com/apis/api/compute.googleapis.com/overview?project=376255644533 then retry. If you enabled this API recently, wait a few minutes for the action to propagate to our systems and retry.","domain":"usageLimits","reason":"accessNotConfigured","extendedHelp":"https://console.developers.google.com"}],"status":"PERMISSION_DENIED","details":[{"@type":"type.googleapis.com/google.rpc.ErrorInfo","reason":"SERVICE_DISABLED","domain":"googleapis.com","metadata":{"consumer":"projects/376255644533","serviceTitle":"Compute Engine API","activationUrl":"https://console.developers.google.com/apis/api/compute.googleapis.com/overview?project=376255644533","service":"compute.googleapis.com","containerInfo":"376255644533"}},{"@type":"type.googleapis.com/google.rpc.LocalizedMessage","locale":"en-US","message":"Compute Engine API has not been used in project 376255644533 before or it is disabled. Enable it by visiting https://console.developers.google.com/apis/api/compute.googleapis.com/overview?project=376255644533 then retry. If you enabled this API recently, wait a few minutes for the action to propagate to our systems and retry."},{"@type":"type.googleapis.com/google.rpc.Help","links":[{"description":"Google developers console API activation","url":"https://console.developers.google.com/apis/api/compute.googleapis.com/overview?project=376255644533"}]}]}}
[debug] [2026-10-05T09:19:33.607Z] unable to look up default compute service account. Falling back to 376255644533-compute@developer.gserviceaccount.com. Error: {"name":"FirebaseError","children":[],"context":{"body":{"error":{"code":403,"message":"Compute Engine API has not been used in project 376255644533 before or it is disabled. Enable it by visiting https://console.developers.google.com/apis/api/compute.googleapis.com/overview?project=376255644533 then retry. If you enabled this API recently, wait a few minutes for the action to propagate to our systems and retry.","errors":[{"message":"Compute Engine API has not been used in project 376255644533 before or it is disabled. Enable it by visiting https://console.developers.google.com/apis/api/compute.googleapis.com/overview?project=376255644533 then retry. If you enabled this API recently, wait a few minutes for the action to propagate to our systems and retry.","domain":"usageLimits","reason":"accessNotConfigured","extendedHelp":"https://console.developers.google.com"}],"status":"PERMISSION_DENIED","details":[{"@type":"type.googleapis.com/google.rpc.ErrorInfo","reason":"SERVICE_DISABLED","domain":"googleapis.com","metadata":{"consumer":"projects/376255644533","serviceTitle":"Compute Engine API","activationUrl":"https://console.developers.google.com/apis/api/compute.googleapis.com/overview?project=376255644533","service":"compute.googleapis.com","containerInfo":"376255644533"}},{"@type":"type.googleapis.com/google.rpc.LocalizedMessage","locale":"en-US","message":"Compute Engine API has not been used in project 376255644533 before or it is disabled. Enable it by visiting https://console.developers.google.com/apis/api/compute.googleapis.com/overview?project=376255644533 then retry. If you enabled this API recently, wait a few minutes for the action to propagate to our systems and retry."},{"@type":"type.googleapis.com/google.rpc.Help","links":[{"description":"Google developers console API activation","url":"https://console.developers.google.com/apis/api/compute.googleapis.com/overview?project=376255644533"}]}]}},"response":{"statusCode":403}},"exit":1,"message":"Request to https://compute.googleapis.com/compute/v1/projects/376255644533 had HTTP Error: 403, Compute Engine API has not been used in project 376255644533 before or it is disabled. Enable it by visiting https://console.developers.google.com/apis/api/compute.googleapis.com/overview?project=376255644533 then retry. If you enabled this API recently, wait a few minutes for the action to propagate to our systems and retry.","status":403}
[debug] [2026-10-05T09:19:33.608Z] Checked if tokens are valid: true, expires at: 1791195045496
[debug] [2026-10-05T09:19:33.608Z] Checked if tokens are valid: true, expires at: 1791195045496
[debug] [2026-10-05T09:19:33.608Z] >>> [apiv2][query] POST https://cloudresourcemanager.googleapis.com/v1/projects/376255644533:getIamPolicy [none]
[debug] [2026-10-05T09:19:34.801Z] <<< [apiv2][status] POST https://cloudresourcemanager.googleapis.com/v1/projects/376255644533:getIamPolicy 200
[debug] [2026-10-05T09:19:34.801Z] <<< [apiv2][body] POST https://cloudresourcemanager.googleapis.com/v1/projects/376255644533:getIamPolicy {"version":1,"etag":"BwZdFGCb0AU=","bindings":[{"role":"roles/cloudbuild.builds.builder","members":["serviceAccount:376255644533@cloudbuild.gserviceaccount.com"]},{"role":"roles/cloudbuild.serviceAgent","members":["serviceAccount:service-376255644533@gcp-sa-cloudbuild.iam.gserviceaccount.com"]},{"role":"roles/cloudfunctions.standardServiceAgent","members":["serviceAccount:service-376255644533@gcf-admin-robot.iam.gserviceaccount.com"]},{"role":"roles/containerregistry.ServiceAgent","members":["serviceAccount:service-376255644533@containerregistry.iam.gserviceaccount.com"]},{"role":"roles/editor","members":["serviceAccount:376255644533@cloudservices.gserviceaccount.com","serviceAccount:fuelops-pps@appspot.gserviceaccount.com","serviceAccount:376255644533-compute@developer.gserviceaccount.com"]},{"role":"roles/firebase.managementServiceAgent","members":["serviceAccount:service-376255644533@gcp-sa-firebase.iam.gserviceaccount.com"]},{"role":"roles/firebase.sdkAdminServiceAgent","members":["serviceAccount:firebase-adminsdk-fbsvc@fuelops-pps.iam.gserviceaccount.com"]},{"role":"roles/firebaseauth.admin","members":["serviceAccount:firebase-adminsdk-fbsvc@fuelops-pps.iam.gserviceaccount.com"]},{"role":"roles/firebasemods.serviceAgent","members":["serviceAccount:service-376255644533@gcp-sa-firebasemods.iam.gserviceaccount.com"]},{"role":"roles/firebaserules.system","members":["serviceAccount:service-376255644533@firebase-rules.iam.gserviceaccount.com"]},{"role":"roles/firestore.serviceAgent","members":["serviceAccount:service-376255644533@gcp-sa-firestore.iam.gserviceaccount.com"]},{"role":"roles/iam.serviceAccountTokenCreator","members":["serviceAccount:firebase-adminsdk-fbsvc@fuelops-pps.iam.gserviceaccount.com"]},{"role":"roles/owner","members":["user:info@petroprimasejahtera.net"]},{"role":"roles/run.serviceAgent","members":["serviceAccount:service-376255644533@serverless-robot-prod.iam.gserviceaccount.com"]}]}
[debug] [2026-10-05T09:19:34.801Z] Checked if tokens are valid: true, expires at: 1791195045496
[debug] [2026-10-05T09:19:34.801Z] Checked if tokens are valid: true, expires at: 1791195045496
[debug] [2026-10-05T09:19:34.801Z] >>> [apiv2][query] POST https://cloudresourcemanager.googleapis.com/v1/projects/376255644533:setIamPolicy [none]
[debug] [2026-10-05T09:19:34.801Z] >>> [apiv2][body] POST https://cloudresourcemanager.googleapis.com/v1/projects/376255644533:setIamPolicy {"policy":{"version":1,"etag":"BwZdFGCb0AU=","bindings":[{"role":"roles/cloudbuild.builds.builder","members":["serviceAccount:376255644533@cloudbuild.gserviceaccount.com"]},{"role":"roles/cloudbuild.serviceAgent","members":["serviceAccount:service-376255644533@gcp-sa-cloudbuild.iam.gserviceaccount.com"]},{"role":"roles/cloudfunctions.standardServiceAgent","members":["serviceAccount:service-376255644533@gcf-admin-robot.iam.gserviceaccount.com"]},{"role":"roles/containerregistry.ServiceAgent","members":["serviceAccount:service-376255644533@containerregistry.iam.gserviceaccount.com"]},{"role":"roles/editor","members":["serviceAccount:376255644533@cloudservices.gserviceaccount.com","serviceAccount:fuelops-pps@appspot.gserviceaccount.com","serviceAccount:376255644533-compute@developer.gserviceaccount.com"]},{"role":"roles/firebase.managementServiceAgent","members":["serviceAccount:service-376255644533@gcp-sa-firebase.iam.gserviceaccount.com"]},{"role":"roles/firebase.sdkAdminServiceAgent","members":["serviceAccount:firebase-adminsdk-fbsvc@fuelops-pps.iam.gserviceaccount.com"]},{"role":"roles/firebaseauth.admin","members":["serviceAccount:firebase-adminsdk-fbsvc@fuelops-pps.iam.gserviceaccount.com"]},{"role":"roles/firebasemods.serviceAgent","members":["serviceAccount:service-376255644533@gcp-sa-firebasemods.iam.gserviceaccount.com"]},{"role":"roles/firebaserules.system","members":["serviceAccount:service-376255644533@firebase-rules.iam.gserviceaccount.com"]},{"role":"roles/firestore.serviceAgent","members":["serviceAccount:service-376255644533@gcp-sa-firestore.iam.gserviceaccount.com"]},{"role":"roles/iam.serviceAccountTokenCreator","members":["serviceAccount:firebase-adminsdk-fbsvc@fuelops-pps.iam.gserviceaccount.com","serviceAccount:service-376255644533@gcp-sa-pubsub.iam.gserviceaccount.com"]},{"role":"roles/owner","members":["user:info@petroprimasejahtera.net"]},{"role":"roles/run.serviceAgent","members":["serviceAccount:service-376255644533@serverless-robot-prod.iam.gserviceaccount.com"]},{"role":"roles/run.invoker","members":["serviceAccount:376255644533-compute@developer.gserviceaccount.com"]},{"role":"roles/eventarc.eventReceiver","members":["serviceAccount:376255644533-compute@developer.gserviceaccount.com"]}]},"updateMask":"bindings"}
[debug] [2026-10-05T09:19:35.510Z] <<< [apiv2][status] POST https://cloudresourcemanager.googleapis.com/v1/projects/376255644533:setIamPolicy 200
[debug] [2026-10-05T09:19:35.510Z] <<< [apiv2][body] POST https://cloudresourcemanager.googleapis.com/v1/projects/376255644533:setIamPolicy {"version":1,"etag":"BwZdFGFJy4I=","bindings":[{"role":"roles/cloudbuild.builds.builder","members":["serviceAccount:376255644533@cloudbuild.gserviceaccount.com"]},{"role":"roles/cloudbuild.serviceAgent","members":["serviceAccount:service-376255644533@gcp-sa-cloudbuild.iam.gserviceaccount.com"]},{"role":"roles/cloudfunctions.standardServiceAgent","members":["serviceAccount:service-376255644533@gcf-admin-robot.iam.gserviceaccount.com"]},{"role":"roles/containerregistry.ServiceAgent","members":["serviceAccount:service-376255644533@containerregistry.iam.gserviceaccount.com"]},{"role":"roles/editor","members":["serviceAccount:376255644533-compute@developer.gserviceaccount.com","serviceAccount:376255644533@cloudservices.gserviceaccount.com","serviceAccount:fuelops-pps@appspot.gserviceaccount.com"]},{"role":"roles/eventarc.eventReceiver","members":["serviceAccount:376255644533-compute@developer.gserviceaccount.com"]},{"role":"roles/firebase.managementServiceAgent","members":["serviceAccount:service-376255644533@gcp-sa-firebase.iam.gserviceaccount.com"]},{"role":"roles/firebase.sdkAdminServiceAgent","members":["serviceAccount:firebase-adminsdk-fbsvc@fuelops-pps.iam.gserviceaccount.com"]},{"role":"roles/firebaseauth.admin","members":["serviceAccount:firebase-adminsdk-fbsvc@fuelops-pps.iam.gserviceaccount.com"]},{"role":"roles/firebasemods.serviceAgent","members":["serviceAccount:service-376255644533@gcp-sa-firebasemods.iam.gserviceaccount.com"]},{"role":"roles/firebaserules.system","members":["serviceAccount:service-376255644533@firebase-rules.iam.gserviceaccount.com"]},{"role":"roles/firestore.serviceAgent","members":["serviceAccount:service-376255644533@gcp-sa-firestore.iam.gserviceaccount.com"]},{"role":"roles/iam.serviceAccountTokenCreator","members":["serviceAccount:firebase-adminsdk-fbsvc@fuelops-pps.iam.gserviceaccount.com","serviceAccount:service-376255644533@gcp-sa-pubsub.iam.gserviceaccount.com"]},{"role":"roles/owner","members":["user:info@petroprimasejahtera.net"]},{"role":"roles/run.invoker","members":["serviceAccount:376255644533-compute@developer.gserviceaccount.com"]},{"role":"roles/run.serviceAgent","members":["serviceAccount:service-376255644533@serverless-robot-prod.iam.gserviceaccount.com"]}]}
[debug] [2026-10-05T09:19:35.512Z] Checked if tokens are valid: true, expires at: 1791195045496
[debug] [2026-10-05T09:19:35.512Z] Checked if tokens are valid: true, expires at: 1791195045496
[debug] [2026-10-05T09:19:35.512Z] >>> [apiv2][query] GET https://cloudresourcemanager.googleapis.com/v1/projects/fuelops-pps [none]
[debug] [2026-10-05T09:19:36.018Z] <<< [apiv2][status] GET https://cloudresourcemanager.googleapis.com/v1/projects/fuelops-pps 200
[debug] [2026-10-05T09:19:36.018Z] <<< [apiv2][body] GET https://cloudresourcemanager.googleapis.com/v1/projects/fuelops-pps {"projectNumber":"376255644533","projectId":"fuelops-pps","lifecycleState":"ACTIVE","name":"fuelops-pps","labels":{"firebase":"enabled","firebase-core":"disabled"},"createTime":"2026-03-03T03:58:24.247822Z","parent":{"type":"organization","id":"662614980553"}}
[debug] [2026-10-05T09:19:36.018Z] Checked if tokens are valid: true, expires at: 1791195045496
[debug] [2026-10-05T09:19:36.018Z] Checked if tokens are valid: true, expires at: 1791195045496
[debug] [2026-10-05T09:19:36.019Z] >>> [apiv2][query] GET https://compute.googleapis.com/compute/v1/projects/376255644533 [none]
[debug] [2026-10-05T09:19:36.315Z] <<< [apiv2][status] GET https://compute.googleapis.com/compute/v1/projects/376255644533 403
[debug] [2026-10-05T09:19:36.315Z] <<< [apiv2][body] GET https://compute.googleapis.com/compute/v1/projects/376255644533 {"error":{"code":403,"message":"Compute Engine API has not been used in project 376255644533 before or it is disabled. Enable it by visiting https://console.developers.google.com/apis/api/compute.googleapis.com/overview?project=376255644533 then retry. If you enabled this API recently, wait a few minutes for the action to propagate to our systems and retry.","errors":[{"message":"Compute Engine API has not been used in project 376255644533 before or it is disabled. Enable it by visiting https://console.developers.google.com/apis/api/compute.googleapis.com/overview?project=376255644533 then retry. If you enabled this API recently, wait a few minutes for the action to propagate to our systems and retry.","domain":"usageLimits","reason":"accessNotConfigured","extendedHelp":"https://console.developers.google.com"}],"status":"PERMISSION_DENIED","details":[{"@type":"type.googleapis.com/google.rpc.ErrorInfo","reason":"SERVICE_DISABLED","domain":"googleapis.com","metadata":{"activationUrl":"https://console.developers.google.com/apis/api/compute.googleapis.com/overview?project=376255644533","containerInfo":"376255644533","consumer":"projects/376255644533","serviceTitle":"Compute Engine API","service":"compute.googleapis.com"}},{"@type":"type.googleapis.com/google.rpc.LocalizedMessage","locale":"en-US","message":"Compute Engine API has not been used in project 376255644533 before or it is disabled. Enable it by visiting https://console.developers.google.com/apis/api/compute.googleapis.com/overview?project=376255644533 then retry. If you enabled this API recently, wait a few minutes for the action to propagate to our systems and retry."},{"@type":"type.googleapis.com/google.rpc.Help","links":[{"description":"Google developers console API activation","url":"https://console.developers.google.com/apis/api/compute.googleapis.com/overview?project=376255644533"}]}]}}
[debug] [2026-10-05T09:19:36.315Z] unable to look up default compute service account. Falling back to 376255644533-compute@developer.gserviceaccount.com. Error: {"name":"FirebaseError","children":[],"context":{"body":{"error":{"code":403,"message":"Compute Engine API has not been used in project 376255644533 before or it is disabled. Enable it by visiting https://console.developers.google.com/apis/api/compute.googleapis.com/overview?project=376255644533 then retry. If you enabled this API recently, wait a few minutes for the action to propagate to our systems and retry.","errors":[{"message":"Compute Engine API has not been used in project 376255644533 before or it is disabled. Enable it by visiting https://console.developers.google.com/apis/api/compute.googleapis.com/overview?project=376255644533 then retry. If you enabled this API recently, wait a few minutes for the action to propagate to our systems and retry.","domain":"usageLimits","reason":"accessNotConfigured","extendedHelp":"https://console.developers.google.com"}],"status":"PERMISSION_DENIED","details":[{"@type":"type.googleapis.com/google.rpc.ErrorInfo","reason":"SERVICE_DISABLED","domain":"googleapis.com","metadata":{"activationUrl":"https://console.developers.google.com/apis/api/compute.googleapis.com/overview?project=376255644533","containerInfo":"376255644533","consumer":"projects/376255644533","serviceTitle":"Compute Engine API","service":"compute.googleapis.com"}},{"@type":"type.googleapis.com/google.rpc.LocalizedMessage","locale":"en-US","message":"Compute Engine API has not been used in project 376255644533 before or it is disabled. Enable it by visiting https://console.developers.google.com/apis/api/compute.googleapis.com/overview?project=376255644533 then retry. If you enabled this API recently, wait a few minutes for the action to propagate to our systems and retry."},{"@type":"type.googleapis.com/google.rpc.Help","links":[{"description":"Google developers console API activation","url":"https://console.developers.google.com/apis/api/compute.googleapis.com/overview?project=376255644533"}]}]}},"response":{"statusCode":403}},"exit":1,"message":"Request to https://compute.googleapis.com/compute/v1/projects/376255644533 had HTTP Error: 403, Compute Engine API has not been used in project 376255644533 before or it is disabled. Enable it by visiting https://console.developers.google.com/apis/api/compute.googleapis.com/overview?project=376255644533 then retry. If you enabled this API recently, wait a few minutes for the action to propagate to our systems and retry.","status":403}
[debug] [2026-10-05T09:19:36.317Z] Checked if tokens are valid: true, expires at: 1791195045496
[debug] [2026-10-05T09:19:36.317Z] Checked if tokens are valid: true, expires at: 1791195045496
[debug] [2026-10-05T09:19:36.317Z] >>> [apiv2][query] GET https://cloudbilling.googleapis.com/v1/projects/fuelops-pps/billingInfo [none]
[debug] [2026-10-05T09:19:37.772Z] <<< [apiv2][status] GET https://cloudbilling.googleapis.com/v1/projects/fuelops-pps/billingInfo 200
[debug] [2026-10-05T09:19:37.773Z] <<< [apiv2][body] GET https://cloudbilling.googleapis.com/v1/projects/fuelops-pps/billingInfo {"name":"projects/fuelops-pps/billingInfo","projectId":"fuelops-pps","billingAccountName":"billingAccounts/01D5CB-C3901C-BF6D16","billingEnabled":true}
[debug] [2026-10-05T09:19:37.775Z] Checked if tokens are valid: true, expires at: 1791195045496
[debug] [2026-10-05T09:19:37.775Z] Checked if tokens are valid: true, expires at: 1791195045496
[debug] [2026-10-05T09:19:37.775Z] >>> [apiv2][query] POST https://cloudfunctions.googleapis.com/v2/projects/fuelops-pps/locations/asia-southeast1/functions:generateUploadUrl [none]
[debug] [2026-10-05T09:19:41.539Z] <<< [apiv2][status] POST https://cloudfunctions.googleapis.com/v2/projects/fuelops-pps/locations/asia-southeast1/functions:generateUploadUrl 200
[debug] [2026-10-05T09:19:41.539Z] <<< [apiv2][body] POST https://cloudfunctions.googleapis.com/v2/projects/fuelops-pps/locations/asia-southeast1/functions:generateUploadUrl {"uploadUrl":"https://storage.googleapis.com/gcf-v2-uploads-376255644533.asia-southeast1.cloudfunctions.appspot.com/c4dc558f-e903-45c6-b8e7-e0d5061575e8.zip?GoogleAccessId=service-376255644533@gcf-admin-robot.iam.gserviceaccount.com&Expires=1791193779&Signature=pJA5I880uKaefeYgb27GAurJ6jwiPBkMI0RzSPVmzHJ73cGHHa46rQWbgih2u9PC1ojpp6ukNiPNvaXf9En%2BeZNnXChrk%2BvBT3mAV4mcCvWYeAqNQZadt79uDeRlz1n7rM5kaS6GmIAWwlRtqoKweYgCpNZ9a3tw3kDlu9G%2FIEWKLjyHwMdK9WVoguAOnTuNdinRyVoQsvO984FjvN5JdpKpFkQjyC24k3QPDF063qrLT7c8nRURmYGMNHalKstzlvLmnA8WhKEN4uPCoLA%2FgTXpyX0UDFszFkTpVBRr%2FdG8kES6%2Fud8WnPMOAuUNNDo3QEt7fqKf9iSkRosJZTRVQ%3D%3D","storageSource":{"bucket":"gcf-v2-uploads-376255644533.asia-southeast1.cloudfunctions.appspot.com","object":"c4dc558f-e903-45c6-b8e7-e0d5061575e8.zip"}}
[debug] [2026-10-05T09:19:41.540Z] >>> [apiv2][query] PUT https://storage.googleapis.com/gcf-v2-uploads-376255644533.asia-southeast1.cloudfunctions.appspot.com/c4dc558f-e903-45c6-b8e7-e0d5061575e8.zip GoogleAccessId=service-376255644533%40gcf-admin-robot.iam.gserviceaccount.com&Expires=1791193779&Signature=pJA5I880uKaefeYgb27GAurJ6jwiPBkMI0RzSPVmzHJ73cGHHa46rQWbgih2u9PC1ojpp6ukNiPNvaXf9En%2BeZNnXChrk%2BvBT3mAV4mcCvWYeAqNQZadt79uDeRlz1n7rM5kaS6GmIAWwlRtqoKweYgCpNZ9a3tw3kDlu9G%2FIEWKLjyHwMdK9WVoguAOnTuNdinRyVoQsvO984FjvN5JdpKpFkQjyC24k3QPDF063qrLT7c8nRURmYGMNHalKstzlvLmnA8WhKEN4uPCoLA%2FgTXpyX0UDFszFkTpVBRr%2FdG8kES6%2Fud8WnPMOAuUNNDo3QEt7fqKf9iSkRosJZTRVQ%3D%3D
[debug] [2026-10-05T09:19:41.540Z] >>> [apiv2][body] PUT https://storage.googleapis.com/gcf-v2-uploads-376255644533.asia-southeast1.cloudfunctions.appspot.com/c4dc558f-e903-45c6-b8e7-e0d5061575e8.zip [stream]
[debug] [2026-10-05T09:19:41.786Z] <<< [apiv2][status] PUT https://storage.googleapis.com/gcf-v2-uploads-376255644533.asia-southeast1.cloudfunctions.appspot.com/c4dc558f-e903-45c6-b8e7-e0d5061575e8.zip 200
[debug] [2026-10-05T09:19:41.786Z] <<< [apiv2][body] PUT https://storage.googleapis.com/gcf-v2-uploads-376255644533.asia-southeast1.cloudfunctions.appspot.com/c4dc558f-e903-45c6-b8e7-e0d5061575e8.zip [omitted]
[info] +  functions: functions source uploaded successfully 
[info] i  functions: creating Node.js 22 (2nd Gen) function onBastStatusChange(asia-southeast1)... 
[debug] [2026-10-05T09:19:41.790Z] Checked if tokens are valid: true, expires at: 1791195045496
[debug] [2026-10-05T09:19:41.790Z] Checked if tokens are valid: true, expires at: 1791195045496
[debug] [2026-10-05T09:19:41.790Z] >>> [apiv2][query] POST https://cloudfunctions.googleapis.com/v2/projects/fuelops-pps/locations/asia-southeast1/functions functionId=onBastStatusChange
[debug] [2026-10-05T09:19:41.790Z] >>> [apiv2][body] POST https://cloudfunctions.googleapis.com/v2/projects/fuelops-pps/locations/asia-southeast1/functions {"name":"projects/fuelops-pps/locations/asia-southeast1/functions/onBastStatusChange","buildConfig":{"runtime":"nodejs22","entryPoint":"onBastStatusChange","source":{"storageSource":{"bucket":"gcf-v2-uploads-376255644533.asia-southeast1.cloudfunctions.appspot.com","object":"c4dc558f-e903-45c6-b8e7-e0d5061575e8.zip"}},"environmentVariables":{"GOOGLE_NODE_RUN_SCRIPTS":""}},"serviceConfig":{"environmentVariables":{"FIREBASE_CONFIG":"{\"projectId\":\"fuelops-pps\",\"storageBucket\":\"fuelops-pps.firebasestorage.app\"}","GCLOUD_PROJECT":"fuelops-pps","EVENTARC_CLOUD_EVENT_SOURCE":"projects/fuelops-pps/locations/asia-southeast1/services/onBastStatusChange","FUNCTION_SIGNATURE_TYPE":"cloudevent","FUNCTION_TARGET":"onBastStatusChange","LOG_EXECUTION_ID":"true"},"ingressSettings":null,"timeoutSeconds":null,"serviceAccountEmail":null,"availableMemory":"256Mi","minInstanceCount":null,"maxInstanceCount":10,"maxInstanceRequestConcurrency":80,"availableCpu":"1","vpcConnector":null,"vpcConnectorEgressSettings":null,"directVpcNetworkInterface":null,"directVpcEgress":null},"labels":{"deployment-tool":"cli-firebase","firebase-functions-hash":"2939872dc7c540543f38271e9ca04a51931b340d"},"eventTrigger":{"eventType":"google.cloud.firestore.document.v1.written","retryPolicy":"RETRY_POLICY_DO_NOT_RETRY","eventFilters":[{"attribute":"database","value":"(default)"},{"attribute":"namespace","value":"(default)"},{"attribute":"document","value":"bunkerops_bast/{bastId}","operator":"match-path-pattern"}],"triggerRegion":"asia-southeast1"}}
[debug] [2026-10-05T09:20:00.507Z] <<< [apiv2][status] POST https://cloudfunctions.googleapis.com/v2/projects/fuelops-pps/locations/asia-southeast1/functions 400
[debug] [2026-10-05T09:20:00.507Z] <<< [apiv2][body] POST https://cloudfunctions.googleapis.com/v2/projects/fuelops-pps/locations/asia-southeast1/functions {"error":{"code":400,"message":"Validation failed for trigger projects/fuelops-pps/locations/asia-southeast1/triggers/onbaststatuschange-831601: Invalid resource state for \"\": Permission denied while using the Eventarc Service Agent. If you recently started to use Eventarc, it may take a few minutes before all necessary permissions are propagated to the Service Agent. Otherwise, verify that it has Eventarc Service Agent role.","status":"FAILED_PRECONDITION"}}
[warn] !  functions: Request to https://cloudfunctions.googleapis.com/v2/projects/fuelops-pps/locations/asia-southeast1/functions?functionId=onBastStatusChange had HTTP Error: 400, Validation failed for trigger projects/fuelops-pps/locations/asia-southeast1/triggers/onbaststatuschange-831601: Invalid resource state for "": Permission denied while using the Eventarc Service Agent. If you recently started to use Eventarc, it may take a few minutes before all necessary permissions are propagated to the Service Agent. Otherwise, verify that it has Eventarc Service Agent role. 
[warn] !  functions: Since this is your first time using 2nd gen functions, we need a little bit longer to finish setting everything up. Retry the deployment in a few minutes. 
[warn] !  functions:  failed to create function projects/fuelops-pps/locations/asia-southeast1/functions/onBastStatusChange 
[error] Failed to create function projects/fuelops-pps/locations/asia-southeast1/functions/onBastStatusChange
[warn] !  functions: Deploys failed. Skipping deletes. 
[debug] [2026-10-05T09:20:00.514Z] Total Function Deployment time: 18720
[debug] [2026-10-05T09:20:00.514Z] 1 Functions Deployed
[debug] [2026-10-05T09:20:00.514Z] 1 Functions Errored
[debug] [2026-10-05T09:20:00.514Z] 0 Function Deployments Aborted
[debug] [2026-10-05T09:20:00.514Z] Average Function Deployment time: 18719
[info] 
[info] Functions deploy had errors with the following functions:
	onBastStatusChange(asia-southeast1)
[debug] [2026-10-05T09:20:00.659Z] Checked if tokens are valid: true, expires at: 1791195045496
[debug] [2026-10-05T09:20:00.659Z] Checked if tokens are valid: true, expires at: 1791195045496
[debug] [2026-10-05T09:20:00.659Z] >>> [apiv2][query] GET https://artifactregistry.googleapis.com/v1/projects/fuelops-pps/locations/asia-southeast1/repositories/gcf-artifacts [none]
[debug] [2026-10-05T09:20:00.953Z] <<< [apiv2][status] GET https://artifactregistry.googleapis.com/v1/projects/fuelops-pps/locations/asia-southeast1/repositories/gcf-artifacts 404
[debug] [2026-10-05T09:20:00.953Z] <<< [apiv2][body] GET https://artifactregistry.googleapis.com/v1/projects/fuelops-pps/locations/asia-southeast1/repositories/gcf-artifacts {"error":{"code":404,"message":"Requested entity was not found.","status":"NOT_FOUND"}}
[debug] [2026-10-05T09:20:00.953Z] Failed to check artifact cleanup policy for region asia-southeast1: Request to https://artifactregistry.googleapis.com/v1/projects/fuelops-pps/locations/asia-southeast1/repositories/gcf-artifacts had HTTP Error: 404, Requested entity was not found. {"name":"FirebaseError","children":[],"context":{"body":{"error":{"code":404,"message":"Requested entity was not found.","status":"NOT_FOUND"}},"response":{"statusCode":404}},"exit":1,"message":"Request to https://artifactregistry.googleapis.com/v1/projects/fuelops-pps/locations/asia-southeast1/repositories/gcf-artifacts had HTTP Error: 404, Requested entity was not found.","status":404}
[debug] [2026-10-05T09:20:00.954Z] Functions deploy failed.
[debug] [2026-10-05T09:20:00.954Z] {
  "endpoint": {
    "id": "onBastStatusChange",
    "project": "fuelops-pps",
    "region": "asia-southeast1",
    "entryPoint": "onBastStatusChange",
    "platform": "gcfv2",
    "runtime": "nodejs22",
    "eventTrigger": {
      "eventType": "google.cloud.firestore.document.v1.written",
      "retry": false,
      "eventFilters": {
        "database": "(default)",
        "namespace": "(default)"
      },
      "eventFilterPathPatterns": {
        "document": "bunkerops_bast/{bastId}"
      },
      "region": "asia-southeast1"
    },
    "labels": {
      "deployment-tool": "cli-firebase"
    },
    "serviceAccount": null,
    "ingressSettings": null,
    "availableMemoryMb": null,
    "timeoutSeconds": null,
    "maxInstances": 10,
    "minInstances": null,
    "concurrency": 80,
    "vpc": null,
    "environmentVariables": {
      "FIREBASE_CONFIG": "{\"projectId\":\"fuelops-pps\",\"storageBucket\":\"fuelops-pps.firebasestorage.app\"}",
      "GCLOUD_PROJECT": "fuelops-pps",
      "EVENTARC_CLOUD_EVENT_SOURCE": "projects/fuelops-pps/locations/asia-southeast1/services/onBastStatusChange"
    },
    "codebase": "default",
    "cpu": 1,
    "targetedByOnly": false,
    "hash": "2939872dc7c540543f38271e9ca04a51931b340d"
  },
  "op": "create",
  "original": {
    "name": "FirebaseError",
    "children": [],
    "context": {
      "function": "projects/fuelops-pps/locations/asia-southeast1/functions/onBastStatusChange"
    },
    "exit": 1,
    "message": "Failed to create function projects/fuelops-pps/locations/asia-southeast1/functions/onBastStatusChange",
    "original": {
      "name": "FirebaseError",
      "children": [],
      "context": {
        "body": {
          "error": {
            "code": 400,
            "message": "Validation failed for trigger projects/fuelops-pps/locations/asia-southeast1/triggers/onbaststatuschange-831601: Invalid resource state for \"\": Permission denied while using the Eventarc Service Agent. If you recently started to use Eventarc, it may take a few minutes before all necessary permissions are propagated to the Service Agent. Otherwise, verify that it has Eventarc Service Agent role.",
            "status": "FAILED_PRECONDITION"
          }
        },
        "response": {
          "statusCode": 400
        }
      },
      "exit": 1,
      "message": "Request to https://cloudfunctions.googleapis.com/v2/projects/fuelops-pps/locations/asia-southeast1/functions?functionId=onBastStatusChange had HTTP Error: 400, Validation failed for trigger projects/fuelops-pps/locations/asia-southeast1/triggers/onbaststatuschange-831601: Invalid resource state for \"\": Permission denied while using the Eventarc Service Agent. If you recently started to use Eventarc, it may take a few minutes before all necessary permissions are propagated to the Service Agent. Otherwise, verify that it has Eventarc Service Agent role.",
      "status": 400
    },
    "status": 400,
    "code": 400
  }
}
[debug] [2026-10-05T09:20:01.029Z] Error: Failed to create function onBastStatusChange in region asia-southeast1
    at C:\Users\nico\AppData\Roaming\npm\node_modules\firebase-tools\lib\deploy\functions\release\fabricator.js:332:27
    at process.processTicksAndRejections (node:internal/process/task_queues:104:5)
    at async Fabricator.createV2Function (C:\Users\nico\AppData\Roaming\npm\node_modules\firebase-tools\lib\deploy\functions\release\fabricator.js:311:30)
    at async Fabricator.createEndpoint (C:\Users\nico\AppData\Roaming\npm\node_modules\firebase-tools\lib\deploy\functions\release\fabricator.js:153:13)
    at async Fabricator.wrapOperation (C:\Users\nico\AppData\Roaming\npm\node_modules\firebase-tools\lib\deploy\functions\release\fabricator.js:138:13)
    at async Promise.all (index 0)
    at async Promise.allSettled (index 0)
    at async Fabricator.applyPlan (C:\Users\nico\AppData\Roaming\npm\node_modules\firebase-tools\lib\deploy\functions\release\fabricator.js:77:45)
    at async release (C:\Users\nico\AppData\Roaming\npm\node_modules\firebase-tools\lib\deploy\functions\release\index.js:87:21)
    at async chain (C:\Users\nico\AppData\Roaming\npm\node_modules\firebase-tools\lib\deploy\index.js:45:9)
[error] 
[error] Error: There was an error deploying functions
[debug] [2026-10-05T09:20:39.940Z] ----------------------------------------------------------------------
[debug] [2026-10-05T09:20:39.942Z] Command:       C:\Program Files\nodejs\node.exe C:\Users\nico\AppData\Roaming\npm\node_modules\firebase-tools\lib\bin\firebase.js deploy --only functions --debug
[debug] [2026-10-05T09:20:39.942Z] CLI Version:   15.20.0
[debug] [2026-10-05T09:20:39.942Z] Platform:      win32
[debug] [2026-10-05T09:20:39.943Z] Node Version:  v24.14.0
[debug] [2026-10-05T09:20:39.943Z] Time:          Mon Oct 05 2026 16:20:39 GMT+0700 (Waktu Indonesia Barat)
[debug] [2026-10-05T09:20:39.943Z] ----------------------------------------------------------------------
[debug] 
[debug] [2026-10-05T09:20:40.982Z] > command requires scopes: ["email","openid","https://www.googleapis.com/auth/cloudplatformprojects.readonly","https://www.googleapis.com/auth/firebase","https://www.googleapis.com/auth/cloud-platform"]
[debug] [2026-10-05T09:20:40.983Z] > authorizing via signed-in user (info@petroprimasejahtera.net)
[debug] [2026-10-05T09:20:40.984Z] [iam] checking project fuelops-pps for permissions ["cloudfunctions.functions.create","cloudfunctions.functions.delete","cloudfunctions.functions.get","cloudfunctions.functions.list","cloudfunctions.functions.update","cloudfunctions.operations.get","firebase.projects.get"]
[debug] [2026-10-05T09:20:40.985Z] Checked if tokens are valid: true, expires at: 1791195045496
[debug] [2026-10-05T09:20:40.985Z] Checked if tokens are valid: true, expires at: 1791195045496
[debug] [2026-10-05T09:20:40.986Z] >>> [apiv2][query] POST https://cloudresourcemanager.googleapis.com/v1/projects/fuelops-pps:testIamPermissions [none]
[debug] [2026-10-05T09:20:40.987Z] >>> [apiv2][(partial)header] POST https://cloudresourcemanager.googleapis.com/v1/projects/fuelops-pps:testIamPermissions  x-goog-user-project=fuelops-pps
[debug] [2026-10-05T09:20:40.987Z] >>> [apiv2][body] POST https://cloudresourcemanager.googleapis.com/v1/projects/fuelops-pps:testIamPermissions {"permissions":["cloudfunctions.functions.create","cloudfunctions.functions.delete","cloudfunctions.functions.get","cloudfunctions.functions.list","cloudfunctions.functions.update","cloudfunctions.operations.get","firebase.projects.get"]}
[debug] [2026-10-05T09:20:42.157Z] <<< [apiv2][status] POST https://cloudresourcemanager.googleapis.com/v1/projects/fuelops-pps:testIamPermissions 200
[debug] [2026-10-05T09:20:42.157Z] <<< [apiv2][body] POST https://cloudresourcemanager.googleapis.com/v1/projects/fuelops-pps:testIamPermissions {"permissions":["cloudfunctions.functions.create","cloudfunctions.functions.delete","cloudfunctions.functions.get","cloudfunctions.functions.list","cloudfunctions.functions.update","cloudfunctions.operations.get","firebase.projects.get"]}
[debug] [2026-10-05T09:20:42.158Z] Checked if tokens are valid: true, expires at: 1791195045496
[debug] [2026-10-05T09:20:42.158Z] Checked if tokens are valid: true, expires at: 1791195045496
[debug] [2026-10-05T09:20:42.158Z] >>> [apiv2][query] POST https://iam.googleapis.com/v1/projects/fuelops-pps/serviceAccounts/fuelops-pps@appspot.gserviceaccount.com:testIamPermissions [none]
[debug] [2026-10-05T09:20:42.158Z] >>> [apiv2][body] POST https://iam.googleapis.com/v1/projects/fuelops-pps/serviceAccounts/fuelops-pps@appspot.gserviceaccount.com:testIamPermissions {"permissions":["iam.serviceAccounts.actAs"]}
[debug] [2026-10-05T09:20:43.547Z] <<< [apiv2][status] POST https://iam.googleapis.com/v1/projects/fuelops-pps/serviceAccounts/fuelops-pps@appspot.gserviceaccount.com:testIamPermissions 200
[debug] [2026-10-05T09:20:43.547Z] <<< [apiv2][body] POST https://iam.googleapis.com/v1/projects/fuelops-pps/serviceAccounts/fuelops-pps@appspot.gserviceaccount.com:testIamPermissions {"permissions":["iam.serviceAccounts.actAs"]}
[info] 
[info] === Deploying to 'fuelops-pps'...
[info] 
[info] i  deploying functions 
[debug] [2026-10-05T09:20:43.552Z] Checked if tokens are valid: true, expires at: 1791195045496
[debug] [2026-10-05T09:20:43.552Z] Checked if tokens are valid: true, expires at: 1791195045496
[debug] [2026-10-05T09:20:43.553Z] >>> [apiv2][query] GET https://cloudresourcemanager.googleapis.com/v1/projects/fuelops-pps [none]
[debug] [2026-10-05T09:20:43.860Z] <<< [apiv2][status] GET https://cloudresourcemanager.googleapis.com/v1/projects/fuelops-pps 200
[debug] [2026-10-05T09:20:43.861Z] <<< [apiv2][body] GET https://cloudresourcemanager.googleapis.com/v1/projects/fuelops-pps {"projectNumber":"376255644533","projectId":"fuelops-pps","lifecycleState":"ACTIVE","name":"fuelops-pps","labels":{"firebase":"enabled","firebase-core":"disabled"},"createTime":"2026-03-03T03:58:24.247822Z","parent":{"type":"organization","id":"662614980553"}}
[info] i  functions: preparing codebase default for deployment 
[info] i  functions: ensuring required API cloudfunctions.googleapis.com is enabled... 
[info] i  functions: ensuring required API cloudbuild.googleapis.com is enabled... 
[info] i  artifactregistry: ensuring required API artifactregistry.googleapis.com is enabled... 
[debug] [2026-10-05T09:20:43.864Z] Checked if tokens are valid: true, expires at: 1791195045496
[debug] [2026-10-05T09:20:43.865Z] Checked if tokens are valid: true, expires at: 1791195045496
[debug] [2026-10-05T09:20:43.865Z] >>> [apiv2][query] GET https://firebase.googleapis.com/v1beta1/projects/fuelops-pps/adminSdkConfig [none]
[debug] [2026-10-05T09:20:45.177Z] <<< [apiv2][status] GET https://firebase.googleapis.com/v1beta1/projects/fuelops-pps/adminSdkConfig 200
[debug] [2026-10-05T09:20:45.177Z] <<< [apiv2][body] GET https://firebase.googleapis.com/v1beta1/projects/fuelops-pps/adminSdkConfig {"projectId":"fuelops-pps","storageBucket":"fuelops-pps.firebasestorage.app"}
[debug] [2026-10-05T09:20:45.178Z] Validating nodejs source
[warn] !  functions: package.json indicates an outdated version of firebase-functions. Please upgrade using npm install --save firebase-functions@latest in your functions directory. 
[warn] !  functions: Please note that there will be breaking changes when you upgrade. 
[debug] [2026-10-05T09:20:46.091Z] > [functions] package.json contents: {
  "name": "bunkerops-functions",
  "description": "Cloud Functions for bunkerops — server-side status cascade",
  "type": "commonjs",
  "engines": {
    "node": "22"
  },
  "main": "index.js",
  "dependencies": {
    "firebase-admin": "^13.0.0",
    "firebase-functions": "^6.5.0"
  },
  "private": true
}
[debug] [2026-10-05T09:20:46.092Z] Building nodejs source
[info] i  functions: Loading and analyzing source code for codebase default to determine what to deploy 
[debug] [2026-10-05T09:20:46.093Z] Could not find functions.yaml. Must use http discovery
[debug] [2026-10-05T09:20:46.099Z] Found firebase-functions binary at 'C:\Users\nico\Documents\Nic Personal Project\bunkerops\functions\node_modules\.bin\firebase-functions'
[info] Serving at port 8943

[debug] [2026-10-05T09:20:46.526Z] Got response from /__/functions.yaml {"endpoints":{"onBastStatusChange":{"availableMemoryMb":null,"timeoutSeconds":null,"minInstances":null,"maxInstances":10,"ingressSettings":null,"concurrency":null,"serviceAccountEmail":null,"vpc":null,"platform":"gcfv2","region":["asia-southeast1"],"labels":{},"eventTrigger":{"eventType":"google.cloud.firestore.document.v1.written","eventFilters":{"database":"(default)","namespace":"(default)"},"eventFilterPathPatterns":{"document":"bunkerops_bast/{bastId}"},"retry":false},"entryPoint":"onBastStatusChange"}},"specVersion":"v1alpha1","requiredAPIs":[],"extensions":{}}
[debug] [2026-10-05T09:20:50.560Z] Checked if tokens are valid: true, expires at: 1791195045496
[debug] [2026-10-05T09:20:50.560Z] Checked if tokens are valid: true, expires at: 1791195045496
[debug] [2026-10-05T09:20:50.561Z] >>> [apiv2][query] GET https://cloudfunctions.googleapis.com/v1/projects/fuelops-pps/locations/-/functions [none]
[debug] [2026-10-05T09:20:51.371Z] <<< [apiv2][status] GET https://cloudfunctions.googleapis.com/v1/projects/fuelops-pps/locations/-/functions 200
[debug] [2026-10-05T09:20:51.371Z] <<< [apiv2][body] GET https://cloudfunctions.googleapis.com/v1/projects/fuelops-pps/locations/-/functions {}
[debug] [2026-10-05T09:20:51.372Z] Checked if tokens are valid: true, expires at: 1791195045496
[debug] [2026-10-05T09:20:51.372Z] Checked if tokens are valid: true, expires at: 1791195045496
[debug] [2026-10-05T09:20:51.372Z] >>> [apiv2][query] GET https://cloudfunctions.googleapis.com/v2/projects/fuelops-pps/locations/-/functions filter=environment%3D%22GEN_2%22
[debug] [2026-10-05T09:20:52.955Z] <<< [apiv2][status] GET https://cloudfunctions.googleapis.com/v2/projects/fuelops-pps/locations/-/functions 200
[debug] [2026-10-05T09:20:52.955Z] <<< [apiv2][body] GET https://cloudfunctions.googleapis.com/v2/projects/fuelops-pps/locations/-/functions {}
[info] i  extensions: ensuring required API firebaseextensions.googleapis.com is enabled... 
[debug] [2026-10-05T09:20:52.957Z] > command requires scopes: ["email","openid","https://www.googleapis.com/auth/cloudplatformprojects.readonly","https://www.googleapis.com/auth/firebase","https://www.googleapis.com/auth/cloud-platform"]
[debug] [2026-10-05T09:20:52.958Z] > authorizing via signed-in user (info@petroprimasejahtera.net)
[debug] [2026-10-05T09:20:52.958Z] [iam] checking project fuelops-pps for permissions ["firebase.projects.get","firebaseextensions.instances.list"]
[debug] [2026-10-05T09:20:52.959Z] Checked if tokens are valid: true, expires at: 1791195045496
[debug] [2026-10-05T09:20:52.959Z] Checked if tokens are valid: true, expires at: 1791195045496
[debug] [2026-10-05T09:20:52.959Z] >>> [apiv2][query] POST https://cloudresourcemanager.googleapis.com/v1/projects/fuelops-pps:testIamPermissions [none]
[debug] [2026-10-05T09:20:52.959Z] >>> [apiv2][(partial)header] POST https://cloudresourcemanager.googleapis.com/v1/projects/fuelops-pps:testIamPermissions  x-goog-user-project=fuelops-pps
[debug] [2026-10-05T09:20:52.959Z] >>> [apiv2][body] POST https://cloudresourcemanager.googleapis.com/v1/projects/fuelops-pps:testIamPermissions {"permissions":["firebase.projects.get","firebaseextensions.instances.list"]}
[debug] [2026-10-05T09:20:54.201Z] <<< [apiv2][status] POST https://cloudresourcemanager.googleapis.com/v1/projects/fuelops-pps:testIamPermissions 200
[debug] [2026-10-05T09:20:54.203Z] <<< [apiv2][body] POST https://cloudresourcemanager.googleapis.com/v1/projects/fuelops-pps:testIamPermissions {"permissions":["firebase.projects.get","firebaseextensions.instances.list"]}
[debug] [2026-10-05T09:20:54.205Z] Checked if tokens are valid: true, expires at: 1791195045496
[debug] [2026-10-05T09:20:54.205Z] Checked if tokens are valid: true, expires at: 1791195045496
[debug] [2026-10-05T09:20:54.206Z] >>> [apiv2][query] GET https://firebaseextensions.googleapis.com/v1beta/projects/fuelops-pps/instances pageSize=100&pageToken=
[debug] [2026-10-05T09:20:55.476Z] <<< [apiv2][status] GET https://firebaseextensions.googleapis.com/v1beta/projects/fuelops-pps/instances 200
[debug] [2026-10-05T09:20:55.477Z] <<< [apiv2][body] GET https://firebaseextensions.googleapis.com/v1beta/projects/fuelops-pps/instances {}
[info] i  functions: preparing functions directory for uploading... 
[info] i  functions: packaged C:\Users\nico\Documents\Nic Personal Project\bunkerops\functions (32.79 KB) for uploading 
[debug] [2026-10-05T09:20:55.552Z] Checked if tokens are valid: true, expires at: 1791195045496
[debug] [2026-10-05T09:20:55.552Z] Checked if tokens are valid: true, expires at: 1791195045496
[debug] [2026-10-05T09:20:55.553Z] >>> [apiv2][query] GET https://firestore.googleapis.com/v1/projects/fuelops-pps/databases/(default) [none]
[debug] [2026-10-05T09:20:55.751Z] <<< [apiv2][status] GET https://firestore.googleapis.com/v1/projects/fuelops-pps/databases/(default) 200
[debug] [2026-10-05T09:20:55.751Z] <<< [apiv2][body] GET https://firestore.googleapis.com/v1/projects/fuelops-pps/databases/(default) {"name":"projects/fuelops-pps/databases/(default)","uid":"bae41288-620d-41ba-bdb4-d054204437b5","createTime":"2026-04-13T06:23:26.980200Z","updateTime":"2026-04-13T06:23:26.980200Z","locationId":"asia-southeast1","type":"FIRESTORE_NATIVE","concurrencyMode":"PESSIMISTIC","versionRetentionPeriod":"604800s","earliestVersionTime":"2026-09-28T09:21:00Z","appEngineIntegrationMode":"DISABLED","keyPrefix":"zas","pointInTimeRecoveryEnablement":"POINT_IN_TIME_RECOVERY_ENABLED","deleteProtectionState":"DELETE_PROTECTION_DISABLED","sourceInfo":{"backup":{"backup":"projects/fuelops-pps/locations/asia-southeast1/backups/a2325d47-4435-4c82-91d8-186f55b137e6","snapshotTime":"2026-04-08T14:34:39.794392Z"},"operation":"projects/fuelops-pps/databases/(default)/operations/tTdEIFTQtL26QQ1iiBLkuhAqMXRzYWVodHVvcy1haXNhDyIKECUa","progress":"COMPLETED"},"backupConfig":{"backupSchedulesEnabled":true},"databaseEdition":"STANDARD","freeTier":true,"realtimeUpdatesMode":"REALTIME_UPDATES_MODE_ENABLED","etag":"IL2P0LDGopcDMJvkq77MipcD"}
[info] i  functions: ensuring required API run.googleapis.com is enabled... 
[info] i  functions: ensuring required API eventarc.googleapis.com is enabled... 
[info] i  functions: ensuring required API pubsub.googleapis.com is enabled... 
[info] i  functions: ensuring required API storage.googleapis.com is enabled... 
[info] i  functions: generating the service identity for pubsub.googleapis.com... 
[debug] [2026-10-05T09:20:55.766Z] Checked if tokens are valid: true, expires at: 1791195045496
[debug] [2026-10-05T09:20:55.767Z] Checked if tokens are valid: true, expires at: 1791195045496
[info] i  functions: generating the service identity for eventarc.googleapis.com... 
[debug] [2026-10-05T09:20:55.768Z] Checked if tokens are valid: true, expires at: 1791195045496
[debug] [2026-10-05T09:20:55.769Z] Checked if tokens are valid: true, expires at: 1791195045496
[debug] [2026-10-05T09:20:55.769Z] >>> [apiv2][query] POST https://serviceusage.googleapis.com/v1beta1/projects/376255644533/services/pubsub.googleapis.com:generateServiceIdentity [none]
[debug] [2026-10-05T09:20:55.770Z] >>> [apiv2][(partial)header] POST https://serviceusage.googleapis.com/v1beta1/projects/376255644533/services/pubsub.googleapis.com:generateServiceIdentity  x-goog-user-project=376255644533
[debug] [2026-10-05T09:20:55.771Z] >>> [apiv2][body] POST https://serviceusage.googleapis.com/v1beta1/projects/376255644533/services/pubsub.googleapis.com:generateServiceIdentity {}
[debug] [2026-10-05T09:20:55.773Z] >>> [apiv2][query] POST https://serviceusage.googleapis.com/v1beta1/projects/376255644533/services/eventarc.googleapis.com:generateServiceIdentity [none]
[debug] [2026-10-05T09:20:55.773Z] >>> [apiv2][(partial)header] POST https://serviceusage.googleapis.com/v1beta1/projects/376255644533/services/eventarc.googleapis.com:generateServiceIdentity  x-goog-user-project=376255644533
[debug] [2026-10-05T09:20:55.774Z] >>> [apiv2][body] POST https://serviceusage.googleapis.com/v1beta1/projects/376255644533/services/eventarc.googleapis.com:generateServiceIdentity {}
[debug] [2026-10-05T09:20:57.344Z] <<< [apiv2][status] POST https://serviceusage.googleapis.com/v1beta1/projects/376255644533/services/pubsub.googleapis.com:generateServiceIdentity 200
[debug] [2026-10-05T09:20:57.346Z] <<< [apiv2][body] POST https://serviceusage.googleapis.com/v1beta1/projects/376255644533/services/pubsub.googleapis.com:generateServiceIdentity {"name":"operations/finished.DONE_OPERATION","done":true,"response":{"@type":"type.googleapis.com/google.api.serviceusage.v1beta1.ServiceIdentity","email":"service-376255644533@gcp-sa-pubsub.iam.gserviceaccount.com","uniqueId":"117954864248410545177"}}
[debug] [2026-10-05T09:20:57.404Z] <<< [apiv2][status] POST https://serviceusage.googleapis.com/v1beta1/projects/376255644533/services/eventarc.googleapis.com:generateServiceIdentity 200
[debug] [2026-10-05T09:20:57.407Z] <<< [apiv2][body] POST https://serviceusage.googleapis.com/v1beta1/projects/376255644533/services/eventarc.googleapis.com:generateServiceIdentity {"name":"operations/finished.DONE_OPERATION","done":true,"response":{"@type":"type.googleapis.com/google.api.serviceusage.v1beta1.ServiceIdentity","email":"service-376255644533@gcp-sa-eventarc.iam.gserviceaccount.com","uniqueId":"101758914906172613669"}}
[debug] [2026-10-05T09:20:57.413Z] Checked if tokens are valid: true, expires at: 1791195045496
[debug] [2026-10-05T09:20:57.413Z] Checked if tokens are valid: true, expires at: 1791195045496
[debug] [2026-10-05T09:20:57.414Z] >>> [apiv2][query] GET https://compute.googleapis.com/compute/v1/projects/376255644533 [none]
[debug] [2026-10-05T09:20:57.775Z] <<< [apiv2][status] GET https://compute.googleapis.com/compute/v1/projects/376255644533 403
[debug] [2026-10-05T09:20:57.776Z] <<< [apiv2][body] GET https://compute.googleapis.com/compute/v1/projects/376255644533 {"error":{"code":403,"message":"Compute Engine API has not been used in project 376255644533 before or it is disabled. Enable it by visiting https://console.developers.google.com/apis/api/compute.googleapis.com/overview?project=376255644533 then retry. If you enabled this API recently, wait a few minutes for the action to propagate to our systems and retry.","errors":[{"message":"Compute Engine API has not been used in project 376255644533 before or it is disabled. Enable it by visiting https://console.developers.google.com/apis/api/compute.googleapis.com/overview?project=376255644533 then retry. If you enabled this API recently, wait a few minutes for the action to propagate to our systems and retry.","domain":"usageLimits","reason":"accessNotConfigured","extendedHelp":"https://console.developers.google.com"}],"status":"PERMISSION_DENIED","details":[{"@type":"type.googleapis.com/google.rpc.ErrorInfo","reason":"SERVICE_DISABLED","domain":"googleapis.com","metadata":{"consumer":"projects/376255644533","activationUrl":"https://console.developers.google.com/apis/api/compute.googleapis.com/overview?project=376255644533","service":"compute.googleapis.com","containerInfo":"376255644533","serviceTitle":"Compute Engine API"}},{"@type":"type.googleapis.com/google.rpc.LocalizedMessage","locale":"en-US","message":"Compute Engine API has not been used in project 376255644533 before or it is disabled. Enable it by visiting https://console.developers.google.com/apis/api/compute.googleapis.com/overview?project=376255644533 then retry. If you enabled this API recently, wait a few minutes for the action to propagate to our systems and retry."},{"@type":"type.googleapis.com/google.rpc.Help","links":[{"description":"Google developers console API activation","url":"https://console.developers.google.com/apis/api/compute.googleapis.com/overview?project=376255644533"}]}]}}
[debug] [2026-10-05T09:20:57.777Z] unable to look up default compute service account. Falling back to 376255644533-compute@developer.gserviceaccount.com. Error: {"name":"FirebaseError","children":[],"context":{"body":{"error":{"code":403,"message":"Compute Engine API has not been used in project 376255644533 before or it is disabled. Enable it by visiting https://console.developers.google.com/apis/api/compute.googleapis.com/overview?project=376255644533 then retry. If you enabled this API recently, wait a few minutes for the action to propagate to our systems and retry.","errors":[{"message":"Compute Engine API has not been used in project 376255644533 before or it is disabled. Enable it by visiting https://console.developers.google.com/apis/api/compute.googleapis.com/overview?project=376255644533 then retry. If you enabled this API recently, wait a few minutes for the action to propagate to our systems and retry.","domain":"usageLimits","reason":"accessNotConfigured","extendedHelp":"https://console.developers.google.com"}],"status":"PERMISSION_DENIED","details":[{"@type":"type.googleapis.com/google.rpc.ErrorInfo","reason":"SERVICE_DISABLED","domain":"googleapis.com","metadata":{"consumer":"projects/376255644533","activationUrl":"https://console.developers.google.com/apis/api/compute.googleapis.com/overview?project=376255644533","service":"compute.googleapis.com","containerInfo":"376255644533","serviceTitle":"Compute Engine API"}},{"@type":"type.googleapis.com/google.rpc.LocalizedMessage","locale":"en-US","message":"Compute Engine API has not been used in project 376255644533 before or it is disabled. Enable it by visiting https://console.developers.google.com/apis/api/compute.googleapis.com/overview?project=376255644533 then retry. If you enabled this API recently, wait a few minutes for the action to propagate to our systems and retry."},{"@type":"type.googleapis.com/google.rpc.Help","links":[{"description":"Google developers console API activation","url":"https://console.developers.google.com/apis/api/compute.googleapis.com/overview?project=376255644533"}]}]}},"response":{"statusCode":403}},"exit":1,"message":"Request to https://compute.googleapis.com/compute/v1/projects/376255644533 had HTTP Error: 403, Compute Engine API has not been used in project 376255644533 before or it is disabled. Enable it by visiting https://console.developers.google.com/apis/api/compute.googleapis.com/overview?project=376255644533 then retry. If you enabled this API recently, wait a few minutes for the action to propagate to our systems and retry.","status":403}
[debug] [2026-10-05T09:20:57.779Z] Checked if tokens are valid: true, expires at: 1791195045496
[debug] [2026-10-05T09:20:57.779Z] Checked if tokens are valid: true, expires at: 1791195045496
[debug] [2026-10-05T09:20:57.780Z] >>> [apiv2][query] POST https://cloudresourcemanager.googleapis.com/v1/projects/376255644533:getIamPolicy [none]
[debug] [2026-10-05T09:20:58.199Z] <<< [apiv2][status] POST https://cloudresourcemanager.googleapis.com/v1/projects/376255644533:getIamPolicy 200
[debug] [2026-10-05T09:20:58.201Z] <<< [apiv2][body] POST https://cloudresourcemanager.googleapis.com/v1/projects/376255644533:getIamPolicy {"version":1,"etag":"BwZdFGHtaOY=","bindings":[{"role":"roles/cloudbuild.builds.builder","members":["serviceAccount:376255644533@cloudbuild.gserviceaccount.com"]},{"role":"roles/cloudbuild.serviceAgent","members":["serviceAccount:service-376255644533@gcp-sa-cloudbuild.iam.gserviceaccount.com"]},{"role":"roles/cloudfunctions.standardServiceAgent","members":["serviceAccount:service-376255644533@gcf-admin-robot.iam.gserviceaccount.com"]},{"role":"roles/containerregistry.ServiceAgent","members":["serviceAccount:service-376255644533@containerregistry.iam.gserviceaccount.com"]},{"role":"roles/editor","members":["serviceAccount:376255644533-compute@developer.gserviceaccount.com","serviceAccount:376255644533@cloudservices.gserviceaccount.com","serviceAccount:fuelops-pps@appspot.gserviceaccount.com"]},{"role":"roles/eventarc.eventReceiver","members":["serviceAccount:376255644533-compute@developer.gserviceaccount.com"]},{"role":"roles/eventarc.serviceAgent","members":["serviceAccount:service-376255644533@gcp-sa-eventarc.iam.gserviceaccount.com"]},{"role":"roles/firebase.managementServiceAgent","members":["serviceAccount:service-376255644533@gcp-sa-firebase.iam.gserviceaccount.com"]},{"role":"roles/firebase.sdkAdminServiceAgent","members":["serviceAccount:firebase-adminsdk-fbsvc@fuelops-pps.iam.gserviceaccount.com"]},{"role":"roles/firebaseauth.admin","members":["serviceAccount:firebase-adminsdk-fbsvc@fuelops-pps.iam.gserviceaccount.com"]},{"role":"roles/firebasemods.serviceAgent","members":["serviceAccount:service-376255644533@gcp-sa-firebasemods.iam.gserviceaccount.com"]},{"role":"roles/firebaserules.system","members":["serviceAccount:service-376255644533@firebase-rules.iam.gserviceaccount.com"]},{"role":"roles/firestore.serviceAgent","members":["serviceAccount:service-376255644533@gcp-sa-firestore.iam.gserviceaccount.com"]},{"role":"roles/iam.serviceAccountTokenCreator","members":["serviceAccount:firebase-adminsdk-fbsvc@fuelops-pps.iam.gserviceaccount.com","serviceAccount:service-376255644533@gcp-sa-pubsub.iam.gserviceaccount.com"]},{"role":"roles/owner","members":["user:info@petroprimasejahtera.net"]},{"role":"roles/run.invoker","members":["serviceAccount:376255644533-compute@developer.gserviceaccount.com"]},{"role":"roles/run.serviceAgent","members":["serviceAccount:service-376255644533@serverless-robot-prod.iam.gserviceaccount.com"]}]}
[debug] [2026-10-05T09:20:58.207Z] Checked if tokens are valid: true, expires at: 1791195045496
[debug] [2026-10-05T09:20:58.208Z] Checked if tokens are valid: true, expires at: 1791195045496
[debug] [2026-10-05T09:20:58.209Z] >>> [apiv2][query] GET https://cloudresourcemanager.googleapis.com/v1/projects/fuelops-pps [none]
[debug] [2026-10-05T09:20:58.980Z] <<< [apiv2][status] GET https://cloudresourcemanager.googleapis.com/v1/projects/fuelops-pps 200
[debug] [2026-10-05T09:20:58.980Z] <<< [apiv2][body] GET https://cloudresourcemanager.googleapis.com/v1/projects/fuelops-pps {"projectNumber":"376255644533","projectId":"fuelops-pps","lifecycleState":"ACTIVE","name":"fuelops-pps","labels":{"firebase":"enabled","firebase-core":"disabled"},"createTime":"2026-03-03T03:58:24.247822Z","parent":{"type":"organization","id":"662614980553"}}
[debug] [2026-10-05T09:20:58.980Z] Checked if tokens are valid: true, expires at: 1791195045496
[debug] [2026-10-05T09:20:58.980Z] Checked if tokens are valid: true, expires at: 1791195045496
[debug] [2026-10-05T09:20:58.980Z] >>> [apiv2][query] GET https://compute.googleapis.com/compute/v1/projects/376255644533 [none]
[debug] [2026-10-05T09:20:59.361Z] <<< [apiv2][status] GET https://compute.googleapis.com/compute/v1/projects/376255644533 403
[debug] [2026-10-05T09:20:59.363Z] <<< [apiv2][body] GET https://compute.googleapis.com/compute/v1/projects/376255644533 {"error":{"code":403,"message":"Compute Engine API has not been used in project 376255644533 before or it is disabled. Enable it by visiting https://console.developers.google.com/apis/api/compute.googleapis.com/overview?project=376255644533 then retry. If you enabled this API recently, wait a few minutes for the action to propagate to our systems and retry.","errors":[{"message":"Compute Engine API has not been used in project 376255644533 before or it is disabled. Enable it by visiting https://console.developers.google.com/apis/api/compute.googleapis.com/overview?project=376255644533 then retry. If you enabled this API recently, wait a few minutes for the action to propagate to our systems and retry.","domain":"usageLimits","reason":"accessNotConfigured","extendedHelp":"https://console.developers.google.com"}],"status":"PERMISSION_DENIED","details":[{"@type":"type.googleapis.com/google.rpc.ErrorInfo","reason":"SERVICE_DISABLED","domain":"googleapis.com","metadata":{"activationUrl":"https://console.developers.google.com/apis/api/compute.googleapis.com/overview?project=376255644533","serviceTitle":"Compute Engine API","containerInfo":"376255644533","service":"compute.googleapis.com","consumer":"projects/376255644533"}},{"@type":"type.googleapis.com/google.rpc.LocalizedMessage","locale":"en-US","message":"Compute Engine API has not been used in project 376255644533 before or it is disabled. Enable it by visiting https://console.developers.google.com/apis/api/compute.googleapis.com/overview?project=376255644533 then retry. If you enabled this API recently, wait a few minutes for the action to propagate to our systems and retry."},{"@type":"type.googleapis.com/google.rpc.Help","links":[{"description":"Google developers console API activation","url":"https://console.developers.google.com/apis/api/compute.googleapis.com/overview?project=376255644533"}]}]}}
[debug] [2026-10-05T09:20:59.364Z] unable to look up default compute service account. Falling back to 376255644533-compute@developer.gserviceaccount.com. Error: {"name":"FirebaseError","children":[],"context":{"body":{"error":{"code":403,"message":"Compute Engine API has not been used in project 376255644533 before or it is disabled. Enable it by visiting https://console.developers.google.com/apis/api/compute.googleapis.com/overview?project=376255644533 then retry. If you enabled this API recently, wait a few minutes for the action to propagate to our systems and retry.","errors":[{"message":"Compute Engine API has not been used in project 376255644533 before or it is disabled. Enable it by visiting https://console.developers.google.com/apis/api/compute.googleapis.com/overview?project=376255644533 then retry. If you enabled this API recently, wait a few minutes for the action to propagate to our systems and retry.","domain":"usageLimits","reason":"accessNotConfigured","extendedHelp":"https://console.developers.google.com"}],"status":"PERMISSION_DENIED","details":[{"@type":"type.googleapis.com/google.rpc.ErrorInfo","reason":"SERVICE_DISABLED","domain":"googleapis.com","metadata":{"activationUrl":"https://console.developers.google.com/apis/api/compute.googleapis.com/overview?project=376255644533","serviceTitle":"Compute Engine API","containerInfo":"376255644533","service":"compute.googleapis.com","consumer":"projects/376255644533"}},{"@type":"type.googleapis.com/google.rpc.LocalizedMessage","locale":"en-US","message":"Compute Engine API has not been used in project 376255644533 before or it is disabled. Enable it by visiting https://console.developers.google.com/apis/api/compute.googleapis.com/overview?project=376255644533 then retry. If you enabled this API recently, wait a few minutes for the action to propagate to our systems and retry."},{"@type":"type.googleapis.com/google.rpc.Help","links":[{"description":"Google developers console API activation","url":"https://console.developers.google.com/apis/api/compute.googleapis.com/overview?project=376255644533"}]}]}},"response":{"statusCode":403}},"exit":1,"message":"Request to https://compute.googleapis.com/compute/v1/projects/376255644533 had HTTP Error: 403, Compute Engine API has not been used in project 376255644533 before or it is disabled. Enable it by visiting https://console.developers.google.com/apis/api/compute.googleapis.com/overview?project=376255644533 then retry. If you enabled this API recently, wait a few minutes for the action to propagate to our systems and retry.","status":403}
[debug] [2026-10-05T09:20:59.366Z] Checked if tokens are valid: true, expires at: 1791195045496
[debug] [2026-10-05T09:20:59.367Z] Checked if tokens are valid: true, expires at: 1791195045496
[debug] [2026-10-05T09:20:59.368Z] >>> [apiv2][query] GET https://cloudbilling.googleapis.com/v1/projects/fuelops-pps/billingInfo [none]
[debug] [2026-10-05T09:21:00.813Z] <<< [apiv2][status] GET https://cloudbilling.googleapis.com/v1/projects/fuelops-pps/billingInfo 200
[debug] [2026-10-05T09:21:00.816Z] <<< [apiv2][body] GET https://cloudbilling.googleapis.com/v1/projects/fuelops-pps/billingInfo {"name":"projects/fuelops-pps/billingInfo","projectId":"fuelops-pps","billingAccountName":"billingAccounts/01D5CB-C3901C-BF6D16","billingEnabled":true}
[debug] [2026-10-05T09:21:00.820Z] Checked if tokens are valid: true, expires at: 1791195045496
[debug] [2026-10-05T09:21:00.820Z] Checked if tokens are valid: true, expires at: 1791195045496
[debug] [2026-10-05T09:21:00.821Z] >>> [apiv2][query] POST https://cloudfunctions.googleapis.com/v2/projects/fuelops-pps/locations/asia-southeast1/functions:generateUploadUrl [none]
[debug] [2026-10-05T09:21:01.104Z] <<< [apiv2][status] POST https://cloudfunctions.googleapis.com/v2/projects/fuelops-pps/locations/asia-southeast1/functions:generateUploadUrl 200
[debug] [2026-10-05T09:21:01.104Z] <<< [apiv2][body] POST https://cloudfunctions.googleapis.com/v2/projects/fuelops-pps/locations/asia-southeast1/functions:generateUploadUrl {"uploadUrl":"https://storage.googleapis.com/gcf-v2-uploads-376255644533.asia-southeast1.cloudfunctions.appspot.com/b44ce8a2-69dc-43f5-aaad-44ef6cb5e1e4.zip?GoogleAccessId=service-376255644533@gcf-admin-robot.iam.gserviceaccount.com&Expires=1791193858&Signature=Ro6Ua%2Fh7uXE0MJQOAoAyH526an8dcIZS7YGKvsMlVydyOXtByBT5fbmV5xfGAewQyUkcGVzKo8Tf%2FVZj2%2BvaAJe4rW2rivvM9gyBl1qm7qARppAIoVeeAY4yTzUvFAWwT6LzdXCF2Byi9RnGWhFnaj2b0rw%2FhZy0BLWonRCcz%2FkRIBOXyNMdQAiuBIfdLs%2BWpUEXdr23g93S0Rz3ECKwXMoMkNCZbNBf8xuo8%2FH6JGwYUxpfGikp09PN6jG29hy8neGHzh8DUiWx6JDPzohZ9cNK7C6ZbMVgK6LSbe6Y8VLRxlyvtSEmZ05vz0IGsU0GTIBWMwB4%2FNLinAJx2J0YIw%3D%3D","storageSource":{"bucket":"gcf-v2-uploads-376255644533.asia-southeast1.cloudfunctions.appspot.com","object":"b44ce8a2-69dc-43f5-aaad-44ef6cb5e1e4.zip"}}
[debug] [2026-10-05T09:21:01.106Z] >>> [apiv2][query] PUT https://storage.googleapis.com/gcf-v2-uploads-376255644533.asia-southeast1.cloudfunctions.appspot.com/b44ce8a2-69dc-43f5-aaad-44ef6cb5e1e4.zip GoogleAccessId=service-376255644533%40gcf-admin-robot.iam.gserviceaccount.com&Expires=1791193858&Signature=Ro6Ua%2Fh7uXE0MJQOAoAyH526an8dcIZS7YGKvsMlVydyOXtByBT5fbmV5xfGAewQyUkcGVzKo8Tf%2FVZj2%2BvaAJe4rW2rivvM9gyBl1qm7qARppAIoVeeAY4yTzUvFAWwT6LzdXCF2Byi9RnGWhFnaj2b0rw%2FhZy0BLWonRCcz%2FkRIBOXyNMdQAiuBIfdLs%2BWpUEXdr23g93S0Rz3ECKwXMoMkNCZbNBf8xuo8%2FH6JGwYUxpfGikp09PN6jG29hy8neGHzh8DUiWx6JDPzohZ9cNK7C6ZbMVgK6LSbe6Y8VLRxlyvtSEmZ05vz0IGsU0GTIBWMwB4%2FNLinAJx2J0YIw%3D%3D
[debug] [2026-10-05T09:21:01.107Z] >>> [apiv2][body] PUT https://storage.googleapis.com/gcf-v2-uploads-376255644533.asia-southeast1.cloudfunctions.appspot.com/b44ce8a2-69dc-43f5-aaad-44ef6cb5e1e4.zip [stream]
[debug] [2026-10-05T09:21:01.362Z] <<< [apiv2][status] PUT https://storage.googleapis.com/gcf-v2-uploads-376255644533.asia-southeast1.cloudfunctions.appspot.com/b44ce8a2-69dc-43f5-aaad-44ef6cb5e1e4.zip 200
[debug] [2026-10-05T09:21:01.363Z] <<< [apiv2][body] PUT https://storage.googleapis.com/gcf-v2-uploads-376255644533.asia-southeast1.cloudfunctions.appspot.com/b44ce8a2-69dc-43f5-aaad-44ef6cb5e1e4.zip [omitted]
[info] +  functions: functions source uploaded successfully 
[info] i  functions: creating Node.js 22 (2nd Gen) function onBastStatusChange(asia-southeast1)... 
[debug] [2026-10-05T09:21:01.376Z] Checked if tokens are valid: true, expires at: 1791195045496
[debug] [2026-10-05T09:21:01.376Z] Checked if tokens are valid: true, expires at: 1791195045496
[debug] [2026-10-05T09:21:01.377Z] >>> [apiv2][query] POST https://cloudfunctions.googleapis.com/v2/projects/fuelops-pps/locations/asia-southeast1/functions functionId=onBastStatusChange
[debug] [2026-10-05T09:21:01.378Z] >>> [apiv2][body] POST https://cloudfunctions.googleapis.com/v2/projects/fuelops-pps/locations/asia-southeast1/functions {"name":"projects/fuelops-pps/locations/asia-southeast1/functions/onBastStatusChange","buildConfig":{"runtime":"nodejs22","entryPoint":"onBastStatusChange","source":{"storageSource":{"bucket":"gcf-v2-uploads-376255644533.asia-southeast1.cloudfunctions.appspot.com","object":"b44ce8a2-69dc-43f5-aaad-44ef6cb5e1e4.zip"}},"environmentVariables":{"GOOGLE_NODE_RUN_SCRIPTS":""}},"serviceConfig":{"environmentVariables":{"FIREBASE_CONFIG":"{\"projectId\":\"fuelops-pps\",\"storageBucket\":\"fuelops-pps.firebasestorage.app\"}","GCLOUD_PROJECT":"fuelops-pps","EVENTARC_CLOUD_EVENT_SOURCE":"projects/fuelops-pps/locations/asia-southeast1/services/onBastStatusChange","FUNCTION_SIGNATURE_TYPE":"cloudevent","FUNCTION_TARGET":"onBastStatusChange","LOG_EXECUTION_ID":"true"},"ingressSettings":null,"timeoutSeconds":null,"serviceAccountEmail":null,"availableMemory":"256Mi","minInstanceCount":null,"maxInstanceCount":10,"maxInstanceRequestConcurrency":80,"availableCpu":"1","vpcConnector":null,"vpcConnectorEgressSettings":null,"directVpcNetworkInterface":null,"directVpcEgress":null},"labels":{"deployment-tool":"cli-firebase","firebase-functions-hash":"2939872dc7c540543f38271e9ca04a51931b340d"},"eventTrigger":{"eventType":"google.cloud.firestore.document.v1.written","retryPolicy":"RETRY_POLICY_DO_NOT_RETRY","eventFilters":[{"attribute":"database","value":"(default)"},{"attribute":"namespace","value":"(default)"},{"attribute":"document","value":"bunkerops_bast/{bastId}","operator":"match-path-pattern"}],"triggerRegion":"asia-southeast1"}}
[debug] [2026-10-05T09:21:02.910Z] <<< [apiv2][status] POST https://cloudfunctions.googleapis.com/v2/projects/fuelops-pps/locations/asia-southeast1/functions 200
[debug] [2026-10-05T09:21:02.912Z] <<< [apiv2][body] POST https://cloudfunctions.googleapis.com/v2/projects/fuelops-pps/locations/asia-southeast1/functions {"name":"projects/fuelops-pps/locations/asia-southeast1/operations/operation-1791192059314-65d14666b82fe-27e80e1e-c52929d5","metadata":{"@type":"type.googleapis.com/google.cloud.functions.v2.OperationMetadata","createTime":"2026-10-05T09:21:00.718284470Z","target":"projects/fuelops-pps/locations/asia-southeast1/functions/onBastStatusChange","verb":"create","cancelRequested":false,"apiVersion":"v2"},"done":false}
[debug] [2026-10-05T09:21:02.913Z] Checked if tokens are valid: true, expires at: 1791195045496
[debug] [2026-10-05T09:21:02.916Z] Checked if tokens are valid: true, expires at: 1791195045496
[debug] [2026-10-05T09:21:02.917Z] >>> [apiv2][query] GET https://cloudfunctions.googleapis.com/v2/projects/fuelops-pps/locations/asia-southeast1/operations/operation-1791192059314-65d14666b82fe-27e80e1e-c52929d5 [none]
[debug] [2026-10-05T09:21:03.040Z] <<< [apiv2][status] GET https://cloudfunctions.googleapis.com/v2/projects/fuelops-pps/locations/asia-southeast1/operations/operation-1791192059314-65d14666b82fe-27e80e1e-c52929d5 200
[debug] [2026-10-05T09:21:03.040Z] <<< [apiv2][body] GET https://cloudfunctions.googleapis.com/v2/projects/fuelops-pps/locations/asia-southeast1/operations/operation-1791192059314-65d14666b82fe-27e80e1e-c52929d5 {"name":"projects/fuelops-pps/locations/asia-southeast1/operations/operation-1791192059314-65d14666b82fe-27e80e1e-c52929d5","metadata":{"@type":"type.googleapis.com/google.cloud.functions.v2.OperationMetadata","createTime":"2026-10-05T09:21:00.718284470Z","target":"projects/fuelops-pps/locations/asia-southeast1/functions/onBastStatusChange","verb":"create","cancelRequested":false,"apiVersion":"v2"},"done":false}
[debug] [2026-10-05T09:21:03.552Z] [create-default-asia-southeast1-onBastStatusChange] Retrying task index 0
[debug] [2026-10-05T09:21:03.553Z] Checked if tokens are valid: true, expires at: 1791195045496
[debug] [2026-10-05T09:21:03.553Z] Checked if tokens are valid: true, expires at: 1791195045496
[debug] [2026-10-05T09:21:03.554Z] >>> [apiv2][query] GET https://cloudfunctions.googleapis.com/v2/projects/fuelops-pps/locations/asia-southeast1/operations/operation-1791192059314-65d14666b82fe-27e80e1e-c52929d5 [none]
[debug] [2026-10-05T09:21:03.675Z] <<< [apiv2][status] GET https://cloudfunctions.googleapis.com/v2/projects/fuelops-pps/locations/asia-southeast1/operations/operation-1791192059314-65d14666b82fe-27e80e1e-c52929d5 200
[debug] [2026-10-05T09:21:03.676Z] <<< [apiv2][body] GET https://cloudfunctions.googleapis.com/v2/projects/fuelops-pps/locations/asia-southeast1/operations/operation-1791192059314-65d14666b82fe-27e80e1e-c52929d5 {"name":"projects/fuelops-pps/locations/asia-southeast1/operations/operation-1791192059314-65d14666b82fe-27e80e1e-c52929d5","metadata":{"@type":"type.googleapis.com/google.cloud.functions.v2.OperationMetadata","createTime":"2026-10-05T09:21:00.718284470Z","target":"projects/fuelops-pps/locations/asia-southeast1/functions/onBastStatusChange","verb":"create","cancelRequested":false,"apiVersion":"v2","requestResource":{"@type":"type.googleapis.com/google.cloud.functions.v2.Function","name":"projects/fuelops-pps/locations/asia-southeast1/functions/onBastStatusChange","buildConfig":{"runtime":"nodejs22","entryPoint":"onBastStatusChange","source":{"storageSource":{"bucket":"gcf-v2-sources-376255644533-asia-southeast1","object":"onBastStatusChange/function-source.zip","generation":"1791192059588059"}},"environmentVariables":{"GOOGLE_NODE_RUN_SCRIPTS":""},"serviceAccount":"projects/fuelops-pps/serviceAccounts/376255644533-compute@developer.gserviceaccount.com","automaticUpdatePolicy":{}},"serviceConfig":{"service":"projects/fuelops-pps/locations/asia-southeast1/services/onbaststatuschange","timeoutSeconds":60,"environmentVariables":{"FIREBASE_CONFIG":"{\"projectId\":\"fuelops-pps\",\"storageBucket\":\"fuelops-pps.firebasestorage.app\"}","GCLOUD_PROJECT":"fuelops-pps","EVENTARC_CLOUD_EVENT_SOURCE":"projects/fuelops-pps/locations/asia-southeast1/services/onBastStatusChange","FUNCTION_SIGNATURE_TYPE":"cloudevent","FUNCTION_TARGET":"onBastStatusChange","LOG_EXECUTION_ID":"true"},"maxInstanceCount":10,"ingressSettings":"ALLOW_ALL","serviceAccountEmail":"376255644533-compute@developer.gserviceaccount.com","availableMemory":"256Mi","maxInstanceRequestConcurrency":80,"availableCpu":"1"},"eventTrigger":{"trigger":"projects/fuelops-pps/locations/asia-southeast1/triggers/onbaststatuschange-058247","triggerRegion":"asia-southeast1","eventType":"google.cloud.firestore.document.v1.written","eventFilters":[{"attribute":"database","value":"(default)"},{"attribute":"namespace","value":"(default)"},{"attribute":"document","value":"bunkerops_bast/{bastId}","operator":"match-path-pattern"}],"serviceAccountEmail":"376255644533-compute@developer.gserviceaccount.com","retryPolicy":"RETRY_POLICY_DO_NOT_RETRY"},"labels":{"deployment-tool":"cli-firebase","firebase-functions-hash":"2939872dc7c540543f38271e9ca04a51931b340d"},"environment":"GEN_2"},"stages":[{"name":"BUILD","state":"NOT_STARTED"},{"name":"SERVICE","state":"NOT_STARTED"},{"name":"TRIGGER","state":"NOT_STARTED"}],"operationType":"CREATE_FUNCTION"},"done":false}
[debug] [2026-10-05T09:21:04.679Z] [create-default-asia-southeast1-onBastStatusChange] Retrying task index 0
[debug] [2026-10-05T09:21:04.680Z] Checked if tokens are valid: true, expires at: 1791195045496
[debug] [2026-10-05T09:21:04.680Z] Checked if tokens are valid: true, expires at: 1791195045496
[debug] [2026-10-05T09:21:04.681Z] >>> [apiv2][query] GET https://cloudfunctions.googleapis.com/v2/projects/fuelops-pps/locations/asia-southeast1/operations/operation-1791192059314-65d14666b82fe-27e80e1e-c52929d5 [none]
[debug] [2026-10-05T09:21:04.760Z] <<< [apiv2][status] GET https://cloudfunctions.googleapis.com/v2/projects/fuelops-pps/locations/asia-southeast1/operations/operation-1791192059314-65d14666b82fe-27e80e1e-c52929d5 200
[debug] [2026-10-05T09:21:04.761Z] <<< [apiv2][body] GET https://cloudfunctions.googleapis.com/v2/projects/fuelops-pps/locations/asia-southeast1/operations/operation-1791192059314-65d14666b82fe-27e80e1e-c52929d5 {"name":"projects/fuelops-pps/locations/asia-southeast1/operations/operation-1791192059314-65d14666b82fe-27e80e1e-c52929d5","metadata":{"@type":"type.googleapis.com/google.cloud.functions.v2.OperationMetadata","createTime":"2026-10-05T09:21:00.718284470Z","target":"projects/fuelops-pps/locations/asia-southeast1/functions/onBastStatusChange","verb":"create","cancelRequested":false,"apiVersion":"v2","requestResource":{"@type":"type.googleapis.com/google.cloud.functions.v2.Function","name":"projects/fuelops-pps/locations/asia-southeast1/functions/onBastStatusChange","buildConfig":{"runtime":"nodejs22","entryPoint":"onBastStatusChange","source":{"storageSource":{"bucket":"gcf-v2-sources-376255644533-asia-southeast1","object":"onBastStatusChange/function-source.zip","generation":"1791192059588059"}},"environmentVariables":{"GOOGLE_NODE_RUN_SCRIPTS":""},"serviceAccount":"projects/fuelops-pps/serviceAccounts/376255644533-compute@developer.gserviceaccount.com","automaticUpdatePolicy":{}},"serviceConfig":{"service":"projects/fuelops-pps/locations/asia-southeast1/services/onbaststatuschange","timeoutSeconds":60,"environmentVariables":{"FIREBASE_CONFIG":"{\"projectId\":\"fuelops-pps\",\"storageBucket\":\"fuelops-pps.firebasestorage.app\"}","GCLOUD_PROJECT":"fuelops-pps","EVENTARC_CLOUD_EVENT_SOURCE":"projects/fuelops-pps/locations/asia-southeast1/services/onBastStatusChange","FUNCTION_SIGNATURE_TYPE":"cloudevent","FUNCTION_TARGET":"onBastStatusChange","LOG_EXECUTION_ID":"true"},"maxInstanceCount":10,"ingressSettings":"ALLOW_ALL","serviceAccountEmail":"376255644533-compute@developer.gserviceaccount.com","availableMemory":"256Mi","maxInstanceRequestConcurrency":80,"availableCpu":"1"},"eventTrigger":{"trigger":"projects/fuelops-pps/locations/asia-southeast1/triggers/onbaststatuschange-058247","triggerRegion":"asia-southeast1","eventType":"google.cloud.firestore.document.v1.written","eventFilters":[{"attribute":"database","value":"(default)"},{"attribute":"namespace","value":"(default)"},{"attribute":"document","value":"bunkerops_bast/{bastId}","operator":"match-path-pattern"}],"serviceAccountEmail":"376255644533-compute@developer.gserviceaccount.com","retryPolicy":"RETRY_POLICY_DO_NOT_RETRY"},"labels":{"deployment-tool":"cli-firebase","firebase-functions-hash":"2939872dc7c540543f38271e9ca04a51931b340d"},"environment":"GEN_2"},"stages":[{"name":"BUILD","state":"NOT_STARTED"},{"name":"SERVICE","state":"NOT_STARTED"},{"name":"TRIGGER","state":"NOT_STARTED"}],"operationType":"CREATE_FUNCTION"},"done":false}
[debug] [2026-10-05T09:21:06.774Z] [create-default-asia-southeast1-onBastStatusChange] Retrying task index 0
[debug] [2026-10-05T09:21:06.776Z] Checked if tokens are valid: true, expires at: 1791195045496
[debug] [2026-10-05T09:21:06.776Z] Checked if tokens are valid: true, expires at: 1791195045496
[debug] [2026-10-05T09:21:06.776Z] >>> [apiv2][query] GET https://cloudfunctions.googleapis.com/v2/projects/fuelops-pps/locations/asia-southeast1/operations/operation-1791192059314-65d14666b82fe-27e80e1e-c52929d5 [none]
[debug] [2026-10-05T09:21:06.852Z] <<< [apiv2][status] GET https://cloudfunctions.googleapis.com/v2/projects/fuelops-pps/locations/asia-southeast1/operations/operation-1791192059314-65d14666b82fe-27e80e1e-c52929d5 200
[debug] [2026-10-05T09:21:06.853Z] <<< [apiv2][body] GET https://cloudfunctions.googleapis.com/v2/projects/fuelops-pps/locations/asia-southeast1/operations/operation-1791192059314-65d14666b82fe-27e80e1e-c52929d5 {"name":"projects/fuelops-pps/locations/asia-southeast1/operations/operation-1791192059314-65d14666b82fe-27e80e1e-c52929d5","metadata":{"@type":"type.googleapis.com/google.cloud.functions.v2.OperationMetadata","createTime":"2026-10-05T09:21:00.718284470Z","target":"projects/fuelops-pps/locations/asia-southeast1/functions/onBastStatusChange","verb":"create","cancelRequested":false,"apiVersion":"v2","requestResource":{"@type":"type.googleapis.com/google.cloud.functions.v2.Function","name":"projects/fuelops-pps/locations/asia-southeast1/functions/onBastStatusChange","buildConfig":{"runtime":"nodejs22","entryPoint":"onBastStatusChange","source":{"storageSource":{"bucket":"gcf-v2-sources-376255644533-asia-southeast1","object":"onBastStatusChange/function-source.zip","generation":"1791192059588059"}},"environmentVariables":{"GOOGLE_NODE_RUN_SCRIPTS":""},"serviceAccount":"projects/fuelops-pps/serviceAccounts/376255644533-compute@developer.gserviceaccount.com","automaticUpdatePolicy":{}},"serviceConfig":{"service":"projects/fuelops-pps/locations/asia-southeast1/services/onbaststatuschange","timeoutSeconds":60,"environmentVariables":{"FIREBASE_CONFIG":"{\"projectId\":\"fuelops-pps\",\"storageBucket\":\"fuelops-pps.firebasestorage.app\"}","GCLOUD_PROJECT":"fuelops-pps","EVENTARC_CLOUD_EVENT_SOURCE":"projects/fuelops-pps/locations/asia-southeast1/services/onBastStatusChange","FUNCTION_SIGNATURE_TYPE":"cloudevent","FUNCTION_TARGET":"onBastStatusChange","LOG_EXECUTION_ID":"true"},"maxInstanceCount":10,"ingressSettings":"ALLOW_ALL","serviceAccountEmail":"376255644533-compute@developer.gserviceaccount.com","availableMemory":"256Mi","maxInstanceRequestConcurrency":80,"availableCpu":"1"},"eventTrigger":{"trigger":"projects/fuelops-pps/locations/asia-southeast1/triggers/onbaststatuschange-058247","triggerRegion":"asia-southeast1","eventType":"google.cloud.firestore.document.v1.written","eventFilters":[{"attribute":"database","value":"(default)"},{"attribute":"namespace","value":"(default)"},{"attribute":"document","value":"bunkerops_bast/{bastId}","operator":"match-path-pattern"}],"serviceAccountEmail":"376255644533-compute@developer.gserviceaccount.com","retryPolicy":"RETRY_POLICY_DO_NOT_RETRY"},"labels":{"deployment-tool":"cli-firebase","firebase-functions-hash":"2939872dc7c540543f38271e9ca04a51931b340d"},"environment":"GEN_2"},"stages":[{"name":"BUILD","state":"NOT_STARTED"},{"name":"SERVICE","state":"NOT_STARTED"},{"name":"TRIGGER","state":"NOT_STARTED"}],"operationType":"CREATE_FUNCTION"},"done":false}
[debug] [2026-10-05T09:21:10.854Z] [create-default-asia-southeast1-onBastStatusChange] Retrying task index 0
[debug] [2026-10-05T09:21:10.855Z] Checked if tokens are valid: true, expires at: 1791195045496
[debug] [2026-10-05T09:21:10.855Z] Checked if tokens are valid: true, expires at: 1791195045496
[debug] [2026-10-05T09:21:10.855Z] >>> [apiv2][query] GET https://cloudfunctions.googleapis.com/v2/projects/fuelops-pps/locations/asia-southeast1/operations/operation-1791192059314-65d14666b82fe-27e80e1e-c52929d5 [none]
[debug] [2026-10-05T09:21:10.916Z] <<< [apiv2][status] GET https://cloudfunctions.googleapis.com/v2/projects/fuelops-pps/locations/asia-southeast1/operations/operation-1791192059314-65d14666b82fe-27e80e1e-c52929d5 200
[debug] [2026-10-05T09:21:10.916Z] <<< [apiv2][body] GET https://cloudfunctions.googleapis.com/v2/projects/fuelops-pps/locations/asia-southeast1/operations/operation-1791192059314-65d14666b82fe-27e80e1e-c52929d5 {"name":"projects/fuelops-pps/locations/asia-southeast1/operations/operation-1791192059314-65d14666b82fe-27e80e1e-c52929d5","metadata":{"@type":"type.googleapis.com/google.cloud.functions.v2.OperationMetadata","createTime":"2026-10-05T09:21:00.718284470Z","target":"projects/fuelops-pps/locations/asia-southeast1/functions/onBastStatusChange","verb":"create","cancelRequested":false,"apiVersion":"v2","requestResource":{"@type":"type.googleapis.com/google.cloud.functions.v2.Function","name":"projects/fuelops-pps/locations/asia-southeast1/functions/onBastStatusChange","buildConfig":{"runtime":"nodejs22","entryPoint":"onBastStatusChange","source":{"storageSource":{"bucket":"gcf-v2-sources-376255644533-asia-southeast1","object":"onBastStatusChange/function-source.zip","generation":"1791192059588059"}},"environmentVariables":{"GOOGLE_NODE_RUN_SCRIPTS":""},"serviceAccount":"projects/fuelops-pps/serviceAccounts/376255644533-compute@developer.gserviceaccount.com","automaticUpdatePolicy":{}},"serviceConfig":{"service":"projects/fuelops-pps/locations/asia-southeast1/services/onbaststatuschange","timeoutSeconds":60,"environmentVariables":{"FIREBASE_CONFIG":"{\"projectId\":\"fuelops-pps\",\"storageBucket\":\"fuelops-pps.firebasestorage.app\"}","GCLOUD_PROJECT":"fuelops-pps","EVENTARC_CLOUD_EVENT_SOURCE":"projects/fuelops-pps/locations/asia-southeast1/services/onBastStatusChange","FUNCTION_SIGNATURE_TYPE":"cloudevent","FUNCTION_TARGET":"onBastStatusChange","LOG_EXECUTION_ID":"true"},"maxInstanceCount":10,"ingressSettings":"ALLOW_ALL","serviceAccountEmail":"376255644533-compute@developer.gserviceaccount.com","availableMemory":"256Mi","maxInstanceRequestConcurrency":80,"availableCpu":"1"},"eventTrigger":{"trigger":"projects/fuelops-pps/locations/asia-southeast1/triggers/onbaststatuschange-058247","triggerRegion":"asia-southeast1","eventType":"google.cloud.firestore.document.v1.written","eventFilters":[{"attribute":"database","value":"(default)"},{"attribute":"namespace","value":"(default)"},{"attribute":"document","value":"bunkerops_bast/{bastId}","operator":"match-path-pattern"}],"serviceAccountEmail":"376255644533-compute@developer.gserviceaccount.com","retryPolicy":"RETRY_POLICY_DO_NOT_RETRY"},"labels":{"deployment-tool":"cli-firebase","firebase-functions-hash":"2939872dc7c540543f38271e9ca04a51931b340d"},"environment":"GEN_2"},"stages":[{"name":"BUILD","state":"NOT_STARTED"},{"name":"SERVICE","state":"NOT_STARTED"},{"name":"TRIGGER","state":"NOT_STARTED"}],"operationType":"CREATE_FUNCTION"},"done":false}
[debug] [2026-10-05T09:21:18.930Z] [create-default-asia-southeast1-onBastStatusChange] Retrying task index 0
[debug] [2026-10-05T09:21:18.930Z] Checked if tokens are valid: true, expires at: 1791195045496
[debug] [2026-10-05T09:21:18.930Z] Checked if tokens are valid: true, expires at: 1791195045496
[debug] [2026-10-05T09:21:18.930Z] >>> [apiv2][query] GET https://cloudfunctions.googleapis.com/v2/projects/fuelops-pps/locations/asia-southeast1/operations/operation-1791192059314-65d14666b82fe-27e80e1e-c52929d5 [none]
[debug] [2026-10-05T09:21:19.079Z] <<< [apiv2][status] GET https://cloudfunctions.googleapis.com/v2/projects/fuelops-pps/locations/asia-southeast1/operations/operation-1791192059314-65d14666b82fe-27e80e1e-c52929d5 200
[debug] [2026-10-05T09:21:19.079Z] <<< [apiv2][body] GET https://cloudfunctions.googleapis.com/v2/projects/fuelops-pps/locations/asia-southeast1/operations/operation-1791192059314-65d14666b82fe-27e80e1e-c52929d5 {"name":"projects/fuelops-pps/locations/asia-southeast1/operations/operation-1791192059314-65d14666b82fe-27e80e1e-c52929d5","metadata":{"@type":"type.googleapis.com/google.cloud.functions.v2.OperationMetadata","createTime":"2026-10-05T09:21:00.718284470Z","target":"projects/fuelops-pps/locations/asia-southeast1/functions/onBastStatusChange","verb":"create","cancelRequested":false,"apiVersion":"v2","requestResource":{"@type":"type.googleapis.com/google.cloud.functions.v2.Function","name":"projects/fuelops-pps/locations/asia-southeast1/functions/onBastStatusChange","buildConfig":{"runtime":"nodejs22","entryPoint":"onBastStatusChange","source":{"storageSource":{"bucket":"gcf-v2-sources-376255644533-asia-southeast1","object":"onBastStatusChange/function-source.zip","generation":"1791192059588059"}},"environmentVariables":{"GOOGLE_NODE_RUN_SCRIPTS":""},"serviceAccount":"projects/fuelops-pps/serviceAccounts/376255644533-compute@developer.gserviceaccount.com","automaticUpdatePolicy":{}},"serviceConfig":{"service":"projects/fuelops-pps/locations/asia-southeast1/services/onbaststatuschange","timeoutSeconds":60,"environmentVariables":{"FIREBASE_CONFIG":"{\"projectId\":\"fuelops-pps\",\"storageBucket\":\"fuelops-pps.firebasestorage.app\"}","GCLOUD_PROJECT":"fuelops-pps","EVENTARC_CLOUD_EVENT_SOURCE":"projects/fuelops-pps/locations/asia-southeast1/services/onBastStatusChange","FUNCTION_SIGNATURE_TYPE":"cloudevent","FUNCTION_TARGET":"onBastStatusChange","LOG_EXECUTION_ID":"true"},"maxInstanceCount":10,"ingressSettings":"ALLOW_ALL","serviceAccountEmail":"376255644533-compute@developer.gserviceaccount.com","availableMemory":"256Mi","maxInstanceRequestConcurrency":80,"availableCpu":"1"},"eventTrigger":{"trigger":"projects/fuelops-pps/locations/asia-southeast1/triggers/onbaststatuschange-058247","triggerRegion":"asia-southeast1","eventType":"google.cloud.firestore.document.v1.written","eventFilters":[{"attribute":"database","value":"(default)"},{"attribute":"namespace","value":"(default)"},{"attribute":"document","value":"bunkerops_bast/{bastId}","operator":"match-path-pattern"}],"serviceAccountEmail":"376255644533-compute@developer.gserviceaccount.com","retryPolicy":"RETRY_POLICY_DO_NOT_RETRY"},"labels":{"deployment-tool":"cli-firebase","firebase-functions-hash":"2939872dc7c540543f38271e9ca04a51931b340d"},"environment":"GEN_2"},"stages":[{"name":"BUILD","state":"NOT_STARTED"},{"name":"SERVICE","state":"NOT_STARTED"},{"name":"TRIGGER","state":"NOT_STARTED"}],"operationType":"CREATE_FUNCTION"},"done":false}
[debug] [2026-10-05T09:21:29.088Z] [create-default-asia-southeast1-onBastStatusChange] Retrying task index 0
[debug] [2026-10-05T09:21:29.088Z] Checked if tokens are valid: true, expires at: 1791195045496
[debug] [2026-10-05T09:21:29.088Z] Checked if tokens are valid: true, expires at: 1791195045496
[debug] [2026-10-05T09:21:29.088Z] >>> [apiv2][query] GET https://cloudfunctions.googleapis.com/v2/projects/fuelops-pps/locations/asia-southeast1/operations/operation-1791192059314-65d14666b82fe-27e80e1e-c52929d5 [none]
[debug] [2026-10-05T09:21:29.232Z] <<< [apiv2][status] GET https://cloudfunctions.googleapis.com/v2/projects/fuelops-pps/locations/asia-southeast1/operations/operation-1791192059314-65d14666b82fe-27e80e1e-c52929d5 200
[debug] [2026-10-05T09:21:29.232Z] <<< [apiv2][body] GET https://cloudfunctions.googleapis.com/v2/projects/fuelops-pps/locations/asia-southeast1/operations/operation-1791192059314-65d14666b82fe-27e80e1e-c52929d5 {"name":"projects/fuelops-pps/locations/asia-southeast1/operations/operation-1791192059314-65d14666b82fe-27e80e1e-c52929d5","metadata":{"@type":"type.googleapis.com/google.cloud.functions.v2.OperationMetadata","createTime":"2026-10-05T09:21:00.718284470Z","target":"projects/fuelops-pps/locations/asia-southeast1/functions/onBastStatusChange","verb":"create","cancelRequested":false,"apiVersion":"v2","requestResource":{"@type":"type.googleapis.com/google.cloud.functions.v2.Function","name":"projects/fuelops-pps/locations/asia-southeast1/functions/onBastStatusChange","buildConfig":{"runtime":"nodejs22","entryPoint":"onBastStatusChange","source":{"storageSource":{"bucket":"gcf-v2-sources-376255644533-asia-southeast1","object":"onBastStatusChange/function-source.zip","generation":"1791192059588059"}},"environmentVariables":{"GOOGLE_NODE_RUN_SCRIPTS":""},"serviceAccount":"projects/fuelops-pps/serviceAccounts/376255644533-compute@developer.gserviceaccount.com","automaticUpdatePolicy":{}},"serviceConfig":{"service":"projects/fuelops-pps/locations/asia-southeast1/services/onbaststatuschange","timeoutSeconds":60,"environmentVariables":{"FIREBASE_CONFIG":"{\"projectId\":\"fuelops-pps\",\"storageBucket\":\"fuelops-pps.firebasestorage.app\"}","GCLOUD_PROJECT":"fuelops-pps","EVENTARC_CLOUD_EVENT_SOURCE":"projects/fuelops-pps/locations/asia-southeast1/services/onBastStatusChange","FUNCTION_SIGNATURE_TYPE":"cloudevent","FUNCTION_TARGET":"onBastStatusChange","LOG_EXECUTION_ID":"true"},"maxInstanceCount":10,"ingressSettings":"ALLOW_ALL","serviceAccountEmail":"376255644533-compute@developer.gserviceaccount.com","availableMemory":"256Mi","maxInstanceRequestConcurrency":80,"availableCpu":"1"},"eventTrigger":{"trigger":"projects/fuelops-pps/locations/asia-southeast1/triggers/onbaststatuschange-058247","triggerRegion":"asia-southeast1","eventType":"google.cloud.firestore.document.v1.written","eventFilters":[{"attribute":"database","value":"(default)"},{"attribute":"namespace","value":"(default)"},{"attribute":"document","value":"bunkerops_bast/{bastId}","operator":"match-path-pattern"}],"serviceAccountEmail":"376255644533-compute@developer.gserviceaccount.com","retryPolicy":"RETRY_POLICY_DO_NOT_RETRY"},"labels":{"deployment-tool":"cli-firebase","firebase-functions-hash":"2939872dc7c540543f38271e9ca04a51931b340d"},"environment":"GEN_2"},"stages":[{"name":"BUILD","message":"Build in progress","state":"IN_PROGRESS","resource":"projects/376255644533/locations/asia-southeast1/builds/78cf4389-d7b0-4335-91c7-70e6347d7237","resourceUri":"https://console.cloud.google.com/cloud-build/builds;region=asia-southeast1/78cf4389-d7b0-4335-91c7-70e6347d7237?project=376255644533"},{"name":"SERVICE","state":"NOT_STARTED"},{"name":"TRIGGER","state":"NOT_STARTED"}],"operationType":"CREATE_FUNCTION","buildName":"projects/376255644533/locations/asia-southeast1/builds/78cf4389-d7b0-4335-91c7-70e6347d7237"},"done":false}
[debug] [2026-10-05T09:21:39.235Z] [create-default-asia-southeast1-onBastStatusChange] Retrying task index 0
[debug] [2026-10-05T09:21:39.235Z] Checked if tokens are valid: true, expires at: 1791195045496
[debug] [2026-10-05T09:21:39.236Z] Checked if tokens are valid: true, expires at: 1791195045496
[debug] [2026-10-05T09:21:39.236Z] >>> [apiv2][query] GET https://cloudfunctions.googleapis.com/v2/projects/fuelops-pps/locations/asia-southeast1/operations/operation-1791192059314-65d14666b82fe-27e80e1e-c52929d5 [none]
[debug] [2026-10-05T09:21:39.392Z] <<< [apiv2][status] GET https://cloudfunctions.googleapis.com/v2/projects/fuelops-pps/locations/asia-southeast1/operations/operation-1791192059314-65d14666b82fe-27e80e1e-c52929d5 200
[debug] [2026-10-05T09:21:39.392Z] <<< [apiv2][body] GET https://cloudfunctions.googleapis.com/v2/projects/fuelops-pps/locations/asia-southeast1/operations/operation-1791192059314-65d14666b82fe-27e80e1e-c52929d5 {"name":"projects/fuelops-pps/locations/asia-southeast1/operations/operation-1791192059314-65d14666b82fe-27e80e1e-c52929d5","metadata":{"@type":"type.googleapis.com/google.cloud.functions.v2.OperationMetadata","createTime":"2026-10-05T09:21:00.718284470Z","target":"projects/fuelops-pps/locations/asia-southeast1/functions/onBastStatusChange","verb":"create","cancelRequested":false,"apiVersion":"v2","requestResource":{"@type":"type.googleapis.com/google.cloud.functions.v2.Function","name":"projects/fuelops-pps/locations/asia-southeast1/functions/onBastStatusChange","buildConfig":{"runtime":"nodejs22","entryPoint":"onBastStatusChange","source":{"storageSource":{"bucket":"gcf-v2-sources-376255644533-asia-southeast1","object":"onBastStatusChange/function-source.zip","generation":"1791192059588059"}},"environmentVariables":{"GOOGLE_NODE_RUN_SCRIPTS":""},"serviceAccount":"projects/fuelops-pps/serviceAccounts/376255644533-compute@developer.gserviceaccount.com","automaticUpdatePolicy":{}},"serviceConfig":{"service":"projects/fuelops-pps/locations/asia-southeast1/services/onbaststatuschange","timeoutSeconds":60,"environmentVariables":{"FIREBASE_CONFIG":"{\"projectId\":\"fuelops-pps\",\"storageBucket\":\"fuelops-pps.firebasestorage.app\"}","GCLOUD_PROJECT":"fuelops-pps","EVENTARC_CLOUD_EVENT_SOURCE":"projects/fuelops-pps/locations/asia-southeast1/services/onBastStatusChange","FUNCTION_SIGNATURE_TYPE":"cloudevent","FUNCTION_TARGET":"onBastStatusChange","LOG_EXECUTION_ID":"true"},"maxInstanceCount":10,"ingressSettings":"ALLOW_ALL","serviceAccountEmail":"376255644533-compute@developer.gserviceaccount.com","availableMemory":"256Mi","maxInstanceRequestConcurrency":80,"availableCpu":"1"},"eventTrigger":{"trigger":"projects/fuelops-pps/locations/asia-southeast1/triggers/onbaststatuschange-058247","triggerRegion":"asia-southeast1","eventType":"google.cloud.firestore.document.v1.written","eventFilters":[{"attribute":"database","value":"(default)"},{"attribute":"namespace","value":"(default)"},{"attribute":"document","value":"bunkerops_bast/{bastId}","operator":"match-path-pattern"}],"serviceAccountEmail":"376255644533-compute@developer.gserviceaccount.com","retryPolicy":"RETRY_POLICY_DO_NOT_RETRY"},"labels":{"deployment-tool":"cli-firebase","firebase-functions-hash":"2939872dc7c540543f38271e9ca04a51931b340d"},"environment":"GEN_2"},"stages":[{"name":"BUILD","message":"Build in progress","state":"IN_PROGRESS","resource":"projects/376255644533/locations/asia-southeast1/builds/78cf4389-d7b0-4335-91c7-70e6347d7237","resourceUri":"https://console.cloud.google.com/cloud-build/builds;region=asia-southeast1/78cf4389-d7b0-4335-91c7-70e6347d7237?project=376255644533"},{"name":"SERVICE","state":"NOT_STARTED"},{"name":"TRIGGER","state":"NOT_STARTED"}],"operationType":"CREATE_FUNCTION","buildName":"projects/376255644533/locations/asia-southeast1/builds/78cf4389-d7b0-4335-91c7-70e6347d7237"},"done":false}
[debug] [2026-10-05T09:21:49.408Z] [create-default-asia-southeast1-onBastStatusChange] Retrying task index 0
[debug] [2026-10-05T09:21:49.409Z] Checked if tokens are valid: true, expires at: 1791195045496
[debug] [2026-10-05T09:21:49.409Z] Checked if tokens are valid: true, expires at: 1791195045496
[debug] [2026-10-05T09:21:49.409Z] >>> [apiv2][query] GET https://cloudfunctions.googleapis.com/v2/projects/fuelops-pps/locations/asia-southeast1/operations/operation-1791192059314-65d14666b82fe-27e80e1e-c52929d5 [none]
[debug] [2026-10-05T09:21:49.578Z] <<< [apiv2][status] GET https://cloudfunctions.googleapis.com/v2/projects/fuelops-pps/locations/asia-southeast1/operations/operation-1791192059314-65d14666b82fe-27e80e1e-c52929d5 200
[debug] [2026-10-05T09:21:49.579Z] <<< [apiv2][body] GET https://cloudfunctions.googleapis.com/v2/projects/fuelops-pps/locations/asia-southeast1/operations/operation-1791192059314-65d14666b82fe-27e80e1e-c52929d5 {"name":"projects/fuelops-pps/locations/asia-southeast1/operations/operation-1791192059314-65d14666b82fe-27e80e1e-c52929d5","metadata":{"@type":"type.googleapis.com/google.cloud.functions.v2.OperationMetadata","createTime":"2026-10-05T09:21:00.718284470Z","target":"projects/fuelops-pps/locations/asia-southeast1/functions/onBastStatusChange","verb":"create","cancelRequested":false,"apiVersion":"v2","requestResource":{"@type":"type.googleapis.com/google.cloud.functions.v2.Function","name":"projects/fuelops-pps/locations/asia-southeast1/functions/onBastStatusChange","buildConfig":{"runtime":"nodejs22","entryPoint":"onBastStatusChange","source":{"storageSource":{"bucket":"gcf-v2-sources-376255644533-asia-southeast1","object":"onBastStatusChange/function-source.zip","generation":"1791192059588059"}},"environmentVariables":{"GOOGLE_NODE_RUN_SCRIPTS":""},"serviceAccount":"projects/fuelops-pps/serviceAccounts/376255644533-compute@developer.gserviceaccount.com","automaticUpdatePolicy":{}},"serviceConfig":{"service":"projects/fuelops-pps/locations/asia-southeast1/services/onbaststatuschange","timeoutSeconds":60,"environmentVariables":{"FIREBASE_CONFIG":"{\"projectId\":\"fuelops-pps\",\"storageBucket\":\"fuelops-pps.firebasestorage.app\"}","GCLOUD_PROJECT":"fuelops-pps","EVENTARC_CLOUD_EVENT_SOURCE":"projects/fuelops-pps/locations/asia-southeast1/services/onBastStatusChange","FUNCTION_SIGNATURE_TYPE":"cloudevent","FUNCTION_TARGET":"onBastStatusChange","LOG_EXECUTION_ID":"true"},"maxInstanceCount":10,"ingressSettings":"ALLOW_ALL","serviceAccountEmail":"376255644533-compute@developer.gserviceaccount.com","availableMemory":"256Mi","maxInstanceRequestConcurrency":80,"availableCpu":"1"},"eventTrigger":{"trigger":"projects/fuelops-pps/locations/asia-southeast1/triggers/onbaststatuschange-058247","triggerRegion":"asia-southeast1","eventType":"google.cloud.firestore.document.v1.written","eventFilters":[{"attribute":"database","value":"(default)"},{"attribute":"namespace","value":"(default)"},{"attribute":"document","value":"bunkerops_bast/{bastId}","operator":"match-path-pattern"}],"serviceAccountEmail":"376255644533-compute@developer.gserviceaccount.com","retryPolicy":"RETRY_POLICY_DO_NOT_RETRY"},"labels":{"deployment-tool":"cli-firebase","firebase-functions-hash":"2939872dc7c540543f38271e9ca04a51931b340d"},"environment":"GEN_2"},"stages":[{"name":"BUILD","message":"Build in progress","state":"IN_PROGRESS","resource":"projects/376255644533/locations/asia-southeast1/builds/78cf4389-d7b0-4335-91c7-70e6347d7237","resourceUri":"https://console.cloud.google.com/cloud-build/builds;region=asia-southeast1/78cf4389-d7b0-4335-91c7-70e6347d7237?project=376255644533"},{"name":"SERVICE","state":"NOT_STARTED"},{"name":"TRIGGER","state":"NOT_STARTED"}],"operationType":"CREATE_FUNCTION","buildName":"projects/376255644533/locations/asia-southeast1/builds/78cf4389-d7b0-4335-91c7-70e6347d7237"},"done":false}
[debug] [2026-10-05T09:21:59.590Z] [create-default-asia-southeast1-onBastStatusChange] Retrying task index 0
[debug] [2026-10-05T09:21:59.591Z] Checked if tokens are valid: true, expires at: 1791195045496
[debug] [2026-10-05T09:21:59.591Z] Checked if tokens are valid: true, expires at: 1791195045496
[debug] [2026-10-05T09:21:59.591Z] >>> [apiv2][query] GET https://cloudfunctions.googleapis.com/v2/projects/fuelops-pps/locations/asia-southeast1/operations/operation-1791192059314-65d14666b82fe-27e80e1e-c52929d5 [none]
[debug] [2026-10-05T09:21:59.740Z] <<< [apiv2][status] GET https://cloudfunctions.googleapis.com/v2/projects/fuelops-pps/locations/asia-southeast1/operations/operation-1791192059314-65d14666b82fe-27e80e1e-c52929d5 200
[debug] [2026-10-05T09:21:59.741Z] <<< [apiv2][body] GET https://cloudfunctions.googleapis.com/v2/projects/fuelops-pps/locations/asia-southeast1/operations/operation-1791192059314-65d14666b82fe-27e80e1e-c52929d5 {"name":"projects/fuelops-pps/locations/asia-southeast1/operations/operation-1791192059314-65d14666b82fe-27e80e1e-c52929d5","metadata":{"@type":"type.googleapis.com/google.cloud.functions.v2.OperationMetadata","createTime":"2026-10-05T09:21:00.718284470Z","target":"projects/fuelops-pps/locations/asia-southeast1/functions/onBastStatusChange","verb":"create","cancelRequested":false,"apiVersion":"v2","requestResource":{"@type":"type.googleapis.com/google.cloud.functions.v2.Function","name":"projects/fuelops-pps/locations/asia-southeast1/functions/onBastStatusChange","buildConfig":{"runtime":"nodejs22","entryPoint":"onBastStatusChange","source":{"storageSource":{"bucket":"gcf-v2-sources-376255644533-asia-southeast1","object":"onBastStatusChange/function-source.zip","generation":"1791192059588059"}},"environmentVariables":{"GOOGLE_NODE_RUN_SCRIPTS":""},"serviceAccount":"projects/fuelops-pps/serviceAccounts/376255644533-compute@developer.gserviceaccount.com","automaticUpdatePolicy":{}},"serviceConfig":{"service":"projects/fuelops-pps/locations/asia-southeast1/services/onbaststatuschange","timeoutSeconds":60,"environmentVariables":{"FIREBASE_CONFIG":"{\"projectId\":\"fuelops-pps\",\"storageBucket\":\"fuelops-pps.firebasestorage.app\"}","GCLOUD_PROJECT":"fuelops-pps","EVENTARC_CLOUD_EVENT_SOURCE":"projects/fuelops-pps/locations/asia-southeast1/services/onBastStatusChange","FUNCTION_SIGNATURE_TYPE":"cloudevent","FUNCTION_TARGET":"onBastStatusChange","LOG_EXECUTION_ID":"true"},"maxInstanceCount":10,"ingressSettings":"ALLOW_ALL","serviceAccountEmail":"376255644533-compute@developer.gserviceaccount.com","availableMemory":"256Mi","maxInstanceRequestConcurrency":80,"availableCpu":"1"},"eventTrigger":{"trigger":"projects/fuelops-pps/locations/asia-southeast1/triggers/onbaststatuschange-058247","triggerRegion":"asia-southeast1","eventType":"google.cloud.firestore.document.v1.written","eventFilters":[{"attribute":"database","value":"(default)"},{"attribute":"namespace","value":"(default)"},{"attribute":"document","value":"bunkerops_bast/{bastId}","operator":"match-path-pattern"}],"serviceAccountEmail":"376255644533-compute@developer.gserviceaccount.com","retryPolicy":"RETRY_POLICY_DO_NOT_RETRY"},"labels":{"deployment-tool":"cli-firebase","firebase-functions-hash":"2939872dc7c540543f38271e9ca04a51931b340d"},"environment":"GEN_2"},"stages":[{"name":"BUILD","message":"Build in progress","state":"IN_PROGRESS","resource":"projects/376255644533/locations/asia-southeast1/builds/78cf4389-d7b0-4335-91c7-70e6347d7237","resourceUri":"https://console.cloud.google.com/cloud-build/builds;region=asia-southeast1/78cf4389-d7b0-4335-91c7-70e6347d7237?project=376255644533"},{"name":"SERVICE","state":"NOT_STARTED"},{"name":"TRIGGER","state":"NOT_STARTED"}],"operationType":"CREATE_FUNCTION","buildName":"projects/376255644533/locations/asia-southeast1/builds/78cf4389-d7b0-4335-91c7-70e6347d7237"},"done":false}
[debug] [2026-10-05T09:22:09.745Z] [create-default-asia-southeast1-onBastStatusChange] Retrying task index 0
[debug] [2026-10-05T09:22:09.745Z] Checked if tokens are valid: true, expires at: 1791195045496
[debug] [2026-10-05T09:22:09.745Z] Checked if tokens are valid: true, expires at: 1791195045496
[debug] [2026-10-05T09:22:09.746Z] >>> [apiv2][query] GET https://cloudfunctions.googleapis.com/v2/projects/fuelops-pps/locations/asia-southeast1/operations/operation-1791192059314-65d14666b82fe-27e80e1e-c52929d5 [none]
[debug] [2026-10-05T09:22:09.926Z] <<< [apiv2][status] GET https://cloudfunctions.googleapis.com/v2/projects/fuelops-pps/locations/asia-southeast1/operations/operation-1791192059314-65d14666b82fe-27e80e1e-c52929d5 200
[debug] [2026-10-05T09:22:09.927Z] <<< [apiv2][body] GET https://cloudfunctions.googleapis.com/v2/projects/fuelops-pps/locations/asia-southeast1/operations/operation-1791192059314-65d14666b82fe-27e80e1e-c52929d5 {"name":"projects/fuelops-pps/locations/asia-southeast1/operations/operation-1791192059314-65d14666b82fe-27e80e1e-c52929d5","metadata":{"@type":"type.googleapis.com/google.cloud.functions.v2.OperationMetadata","createTime":"2026-10-05T09:21:00.718284470Z","target":"projects/fuelops-pps/locations/asia-southeast1/functions/onBastStatusChange","verb":"create","cancelRequested":false,"apiVersion":"v2","requestResource":{"@type":"type.googleapis.com/google.cloud.functions.v2.Function","name":"projects/fuelops-pps/locations/asia-southeast1/functions/onBastStatusChange","buildConfig":{"runtime":"nodejs22","entryPoint":"onBastStatusChange","source":{"storageSource":{"bucket":"gcf-v2-sources-376255644533-asia-southeast1","object":"onBastStatusChange/function-source.zip","generation":"1791192059588059"}},"environmentVariables":{"GOOGLE_NODE_RUN_SCRIPTS":""},"serviceAccount":"projects/fuelops-pps/serviceAccounts/376255644533-compute@developer.gserviceaccount.com","automaticUpdatePolicy":{}},"serviceConfig":{"service":"projects/fuelops-pps/locations/asia-southeast1/services/onbaststatuschange","timeoutSeconds":60,"environmentVariables":{"FIREBASE_CONFIG":"{\"projectId\":\"fuelops-pps\",\"storageBucket\":\"fuelops-pps.firebasestorage.app\"}","GCLOUD_PROJECT":"fuelops-pps","EVENTARC_CLOUD_EVENT_SOURCE":"projects/fuelops-pps/locations/asia-southeast1/services/onBastStatusChange","FUNCTION_SIGNATURE_TYPE":"cloudevent","FUNCTION_TARGET":"onBastStatusChange","LOG_EXECUTION_ID":"true"},"maxInstanceCount":10,"ingressSettings":"ALLOW_ALL","serviceAccountEmail":"376255644533-compute@developer.gserviceaccount.com","availableMemory":"256Mi","maxInstanceRequestConcurrency":80,"availableCpu":"1"},"eventTrigger":{"trigger":"projects/fuelops-pps/locations/asia-southeast1/triggers/onbaststatuschange-058247","triggerRegion":"asia-southeast1","eventType":"google.cloud.firestore.document.v1.written","eventFilters":[{"attribute":"database","value":"(default)"},{"attribute":"namespace","value":"(default)"},{"attribute":"document","value":"bunkerops_bast/{bastId}","operator":"match-path-pattern"}],"serviceAccountEmail":"376255644533-compute@developer.gserviceaccount.com","retryPolicy":"RETRY_POLICY_DO_NOT_RETRY"},"labels":{"deployment-tool":"cli-firebase","firebase-functions-hash":"2939872dc7c540543f38271e9ca04a51931b340d"},"environment":"GEN_2"},"stages":[{"name":"BUILD","message":"Build finished","state":"COMPLETE","resource":"projects/376255644533/locations/asia-southeast1/builds/78cf4389-d7b0-4335-91c7-70e6347d7237","resourceUri":"https://console.cloud.google.com/cloud-build/builds;region=asia-southeast1/78cf4389-d7b0-4335-91c7-70e6347d7237?project=376255644533"},{"name":"SERVICE","message":"Creating Cloud Run service","state":"IN_PROGRESS","resource":"projects/fuelops-pps/locations/asia-southeast1/services/onbaststatuschange","resourceUri":"https://console.cloud.google.com/run/detail/asia-southeast1/onbaststatuschange?project=fuelops-pps"},{"name":"TRIGGER","state":"NOT_STARTED"}],"sourceToken":"Cltwcm9qZWN0cy8zNzYyNTU2NDQ1MzMvbG9jYXRpb25zL2FzaWEtc291dGhlYXN0MS9idWlsZHMvNzhjZjQzODktZDdiMC00MzM1LTkxYzctNzBlNjM0N2Q3MjM3Enhhc2lhLXNvdXRoZWFzdDEtZG9ja2VyLnBrZy5kZXYvZnVlbG9wcy1wcHMvZ2NmLWFydGlmYWN0cy9mdWVsb3BzLS1wcHNfX2FzaWEtLXNvdXRoZWFzdDFfX29uX2Jhc3Rfc3RhdHVzX2NoYW5nZTp2ZXJzaW9uXzEY9YbW1PkKIktwcm9qZWN0cy9mdWVsb3BzLXBwcy9sb2NhdGlvbnMvYXNpYS1zb3V0aGVhc3QxL2Z1bmN0aW9ucy9vbkJhc3RTdGF0dXNDaGFuZ2UqDAi62I3WBhDgnZ/YAjIIbm9kZWpzMjI6egojZ2NyLmlvL2dhZS1ydW50aW1lcy9ub2RlanMyMjpzdGFibGUSU2FzaWEtc291dGhlYXN0MS1kb2NrZXIucGtnLmRldi9zZXJ2ZXJsZXNzLXJ1bnRpbWVzL2dvb2dsZS0yMi1mdWxsL3J1bnRpbWVzL25vZGVqczIyQAE=","operationType":"CREATE_FUNCTION","buildName":"projects/376255644533/locations/asia-southeast1/builds/78cf4389-d7b0-4335-91c7-70e6347d7237"},"done":false}
[debug] [2026-10-05T09:22:09.927Z] Got source token Cltwcm9qZWN0cy8zNzYyNTU2NDQ1MzMvbG9jYXRpb25zL2FzaWEtc291dGhlYXN0MS9idWlsZHMvNzhjZjQzODktZDdiMC00MzM1LTkxYzctNzBlNjM0N2Q3MjM3Enhhc2lhLXNvdXRoZWFzdDEtZG9ja2VyLnBrZy5kZXYvZnVlbG9wcy1wcHMvZ2NmLWFydGlmYWN0cy9mdWVsb3BzLS1wcHNfX2FzaWEtLXNvdXRoZWFzdDFfX29uX2Jhc3Rfc3RhdHVzX2NoYW5nZTp2ZXJzaW9uXzEY9YbW1PkKIktwcm9qZWN0cy9mdWVsb3BzLXBwcy9sb2NhdGlvbnMvYXNpYS1zb3V0aGVhc3QxL2Z1bmN0aW9ucy9vbkJhc3RTdGF0dXNDaGFuZ2UqDAi62I3WBhDgnZ/YAjIIbm9kZWpzMjI6egojZ2NyLmlvL2dhZS1ydW50aW1lcy9ub2RlanMyMjpzdGFibGUSU2FzaWEtc291dGhlYXN0MS1kb2NrZXIucGtnLmRldi9zZXJ2ZXJsZXNzLXJ1bnRpbWVzL2dvb2dsZS0yMi1mdWxsL3J1bnRpbWVzL25vZGVqczIyQAE= for region asia-southeast1
[debug] [2026-10-05T09:22:19.943Z] [create-default-asia-southeast1-onBastStatusChange] Retrying task index 0
[debug] [2026-10-05T09:22:19.943Z] Checked if tokens are valid: true, expires at: 1791195045496
[debug] [2026-10-05T09:22:19.944Z] Checked if tokens are valid: true, expires at: 1791195045496
[debug] [2026-10-05T09:22:19.944Z] >>> [apiv2][query] GET https://cloudfunctions.googleapis.com/v2/projects/fuelops-pps/locations/asia-southeast1/operations/operation-1791192059314-65d14666b82fe-27e80e1e-c52929d5 [none]
[debug] [2026-10-05T09:22:20.190Z] <<< [apiv2][status] GET https://cloudfunctions.googleapis.com/v2/projects/fuelops-pps/locations/asia-southeast1/operations/operation-1791192059314-65d14666b82fe-27e80e1e-c52929d5 200
[debug] [2026-10-05T09:22:20.190Z] <<< [apiv2][body] GET https://cloudfunctions.googleapis.com/v2/projects/fuelops-pps/locations/asia-southeast1/operations/operation-1791192059314-65d14666b82fe-27e80e1e-c52929d5 {"name":"projects/fuelops-pps/locations/asia-southeast1/operations/operation-1791192059314-65d14666b82fe-27e80e1e-c52929d5","metadata":{"@type":"type.googleapis.com/google.cloud.functions.v2.OperationMetadata","createTime":"2026-10-05T09:21:00.718284470Z","target":"projects/fuelops-pps/locations/asia-southeast1/functions/onBastStatusChange","verb":"create","cancelRequested":false,"apiVersion":"v2","requestResource":{"@type":"type.googleapis.com/google.cloud.functions.v2.Function","name":"projects/fuelops-pps/locations/asia-southeast1/functions/onBastStatusChange","buildConfig":{"runtime":"nodejs22","entryPoint":"onBastStatusChange","source":{"storageSource":{"bucket":"gcf-v2-sources-376255644533-asia-southeast1","object":"onBastStatusChange/function-source.zip","generation":"1791192059588059"}},"environmentVariables":{"GOOGLE_NODE_RUN_SCRIPTS":""},"serviceAccount":"projects/fuelops-pps/serviceAccounts/376255644533-compute@developer.gserviceaccount.com","automaticUpdatePolicy":{}},"serviceConfig":{"service":"projects/fuelops-pps/locations/asia-southeast1/services/onbaststatuschange","timeoutSeconds":60,"environmentVariables":{"FIREBASE_CONFIG":"{\"projectId\":\"fuelops-pps\",\"storageBucket\":\"fuelops-pps.firebasestorage.app\"}","GCLOUD_PROJECT":"fuelops-pps","EVENTARC_CLOUD_EVENT_SOURCE":"projects/fuelops-pps/locations/asia-southeast1/services/onBastStatusChange","FUNCTION_SIGNATURE_TYPE":"cloudevent","FUNCTION_TARGET":"onBastStatusChange","LOG_EXECUTION_ID":"true"},"maxInstanceCount":10,"ingressSettings":"ALLOW_ALL","serviceAccountEmail":"376255644533-compute@developer.gserviceaccount.com","availableMemory":"256Mi","maxInstanceRequestConcurrency":80,"availableCpu":"1"},"eventTrigger":{"trigger":"projects/fuelops-pps/locations/asia-southeast1/triggers/onbaststatuschange-058247","triggerRegion":"asia-southeast1","eventType":"google.cloud.firestore.document.v1.written","eventFilters":[{"attribute":"database","value":"(default)"},{"attribute":"namespace","value":"(default)"},{"attribute":"document","value":"bunkerops_bast/{bastId}","operator":"match-path-pattern"}],"serviceAccountEmail":"376255644533-compute@developer.gserviceaccount.com","retryPolicy":"RETRY_POLICY_DO_NOT_RETRY"},"labels":{"deployment-tool":"cli-firebase","firebase-functions-hash":"2939872dc7c540543f38271e9ca04a51931b340d"},"environment":"GEN_2"},"stages":[{"name":"BUILD","message":"Build finished","state":"COMPLETE","resource":"projects/376255644533/locations/asia-southeast1/builds/78cf4389-d7b0-4335-91c7-70e6347d7237","resourceUri":"https://console.cloud.google.com/cloud-build/builds;region=asia-southeast1/78cf4389-d7b0-4335-91c7-70e6347d7237?project=376255644533"},{"name":"SERVICE","message":"Creating Cloud Run service","state":"COMPLETE","resource":"projects/fuelops-pps/locations/asia-southeast1/services/onbaststatuschange","resourceUri":"https://console.cloud.google.com/run/detail/asia-southeast1/onbaststatuschange?project=fuelops-pps"},{"name":"TRIGGER","message":"Creating Eventarc trigger","state":"IN_PROGRESS","resource":"projects/fuelops-pps/locations/asia-southeast1/triggers/onbaststatuschange-058247"}],"sourceToken":"Cltwcm9qZWN0cy8zNzYyNTU2NDQ1MzMvbG9jYXRpb25zL2FzaWEtc291dGhlYXN0MS9idWlsZHMvNzhjZjQzODktZDdiMC00MzM1LTkxYzctNzBlNjM0N2Q3MjM3Enhhc2lhLXNvdXRoZWFzdDEtZG9ja2VyLnBrZy5kZXYvZnVlbG9wcy1wcHMvZ2NmLWFydGlmYWN0cy9mdWVsb3BzLS1wcHNfX2FzaWEtLXNvdXRoZWFzdDFfX29uX2Jhc3Rfc3RhdHVzX2NoYW5nZTp2ZXJzaW9uXzEY9YbW1PkKIktwcm9qZWN0cy9mdWVsb3BzLXBwcy9sb2NhdGlvbnMvYXNpYS1zb3V0aGVhc3QxL2Z1bmN0aW9ucy9vbkJhc3RTdGF0dXNDaGFuZ2UqDAi62I3WBhDgnZ/YAjIIbm9kZWpzMjI6egojZ2NyLmlvL2dhZS1ydW50aW1lcy9ub2RlanMyMjpzdGFibGUSU2FzaWEtc291dGhlYXN0MS1kb2NrZXIucGtnLmRldi9zZXJ2ZXJsZXNzLXJ1bnRpbWVzL2dvb2dsZS0yMi1mdWxsL3J1bnRpbWVzL25vZGVqczIyQAE=","operationType":"CREATE_FUNCTION","buildName":"projects/376255644533/locations/asia-southeast1/builds/78cf4389-d7b0-4335-91c7-70e6347d7237"},"done":false}
[debug] [2026-10-05T09:22:20.191Z] Got source token Cltwcm9qZWN0cy8zNzYyNTU2NDQ1MzMvbG9jYXRpb25zL2FzaWEtc291dGhlYXN0MS9idWlsZHMvNzhjZjQzODktZDdiMC00MzM1LTkxYzctNzBlNjM0N2Q3MjM3Enhhc2lhLXNvdXRoZWFzdDEtZG9ja2VyLnBrZy5kZXYvZnVlbG9wcy1wcHMvZ2NmLWFydGlmYWN0cy9mdWVsb3BzLS1wcHNfX2FzaWEtLXNvdXRoZWFzdDFfX29uX2Jhc3Rfc3RhdHVzX2NoYW5nZTp2ZXJzaW9uXzEY9YbW1PkKIktwcm9qZWN0cy9mdWVsb3BzLXBwcy9sb2NhdGlvbnMvYXNpYS1zb3V0aGVhc3QxL2Z1bmN0aW9ucy9vbkJhc3RTdGF0dXNDaGFuZ2UqDAi62I3WBhDgnZ/YAjIIbm9kZWpzMjI6egojZ2NyLmlvL2dhZS1ydW50aW1lcy9ub2RlanMyMjpzdGFibGUSU2FzaWEtc291dGhlYXN0MS1kb2NrZXIucGtnLmRldi9zZXJ2ZXJsZXNzLXJ1bnRpbWVzL2dvb2dsZS0yMi1mdWxsL3J1bnRpbWVzL25vZGVqczIyQAE= for region asia-southeast1
[debug] [2026-10-05T09:22:30.196Z] [create-default-asia-southeast1-onBastStatusChange] Retrying task index 0
[debug] [2026-10-05T09:22:30.196Z] Checked if tokens are valid: true, expires at: 1791195045496
[debug] [2026-10-05T09:22:30.196Z] Checked if tokens are valid: true, expires at: 1791195045496
[debug] [2026-10-05T09:22:30.196Z] >>> [apiv2][query] GET https://cloudfunctions.googleapis.com/v2/projects/fuelops-pps/locations/asia-southeast1/operations/operation-1791192059314-65d14666b82fe-27e80e1e-c52929d5 [none]
[debug] [2026-10-05T09:22:30.388Z] <<< [apiv2][status] GET https://cloudfunctions.googleapis.com/v2/projects/fuelops-pps/locations/asia-southeast1/operations/operation-1791192059314-65d14666b82fe-27e80e1e-c52929d5 200
[debug] [2026-10-05T09:22:30.388Z] <<< [apiv2][body] GET https://cloudfunctions.googleapis.com/v2/projects/fuelops-pps/locations/asia-southeast1/operations/operation-1791192059314-65d14666b82fe-27e80e1e-c52929d5 {"name":"projects/fuelops-pps/locations/asia-southeast1/operations/operation-1791192059314-65d14666b82fe-27e80e1e-c52929d5","metadata":{"@type":"type.googleapis.com/google.cloud.functions.v2.OperationMetadata","createTime":"2026-10-05T09:21:00.718284470Z","target":"projects/fuelops-pps/locations/asia-southeast1/functions/onBastStatusChange","verb":"create","cancelRequested":false,"apiVersion":"v2","requestResource":{"@type":"type.googleapis.com/google.cloud.functions.v2.Function","name":"projects/fuelops-pps/locations/asia-southeast1/functions/onBastStatusChange","buildConfig":{"runtime":"nodejs22","entryPoint":"onBastStatusChange","source":{"storageSource":{"bucket":"gcf-v2-sources-376255644533-asia-southeast1","object":"onBastStatusChange/function-source.zip","generation":"1791192059588059"}},"environmentVariables":{"GOOGLE_NODE_RUN_SCRIPTS":""},"serviceAccount":"projects/fuelops-pps/serviceAccounts/376255644533-compute@developer.gserviceaccount.com","automaticUpdatePolicy":{}},"serviceConfig":{"service":"projects/fuelops-pps/locations/asia-southeast1/services/onbaststatuschange","timeoutSeconds":60,"environmentVariables":{"FIREBASE_CONFIG":"{\"projectId\":\"fuelops-pps\",\"storageBucket\":\"fuelops-pps.firebasestorage.app\"}","GCLOUD_PROJECT":"fuelops-pps","EVENTARC_CLOUD_EVENT_SOURCE":"projects/fuelops-pps/locations/asia-southeast1/services/onBastStatusChange","FUNCTION_SIGNATURE_TYPE":"cloudevent","FUNCTION_TARGET":"onBastStatusChange","LOG_EXECUTION_ID":"true"},"maxInstanceCount":10,"ingressSettings":"ALLOW_ALL","serviceAccountEmail":"376255644533-compute@developer.gserviceaccount.com","availableMemory":"256Mi","maxInstanceRequestConcurrency":80,"availableCpu":"1"},"eventTrigger":{"trigger":"projects/fuelops-pps/locations/asia-southeast1/triggers/onbaststatuschange-058247","triggerRegion":"asia-southeast1","eventType":"google.cloud.firestore.document.v1.written","eventFilters":[{"attribute":"database","value":"(default)"},{"attribute":"namespace","value":"(default)"},{"attribute":"document","value":"bunkerops_bast/{bastId}","operator":"match-path-pattern"}],"serviceAccountEmail":"376255644533-compute@developer.gserviceaccount.com","retryPolicy":"RETRY_POLICY_DO_NOT_RETRY"},"labels":{"deployment-tool":"cli-firebase","firebase-functions-hash":"2939872dc7c540543f38271e9ca04a51931b340d"},"environment":"GEN_2"},"stages":[{"name":"BUILD","message":"Build finished","state":"COMPLETE","resource":"projects/376255644533/locations/asia-southeast1/builds/78cf4389-d7b0-4335-91c7-70e6347d7237","resourceUri":"https://console.cloud.google.com/cloud-build/builds;region=asia-southeast1/78cf4389-d7b0-4335-91c7-70e6347d7237?project=376255644533"},{"name":"SERVICE","message":"Creating Cloud Run service","state":"COMPLETE","resource":"projects/fuelops-pps/locations/asia-southeast1/services/onbaststatuschange","resourceUri":"https://console.cloud.google.com/run/detail/asia-southeast1/onbaststatuschange?project=fuelops-pps"},{"name":"TRIGGER","message":"Creating Eventarc trigger","state":"IN_PROGRESS","resource":"projects/fuelops-pps/locations/asia-southeast1/triggers/onbaststatuschange-058247"}],"sourceToken":"Cltwcm9qZWN0cy8zNzYyNTU2NDQ1MzMvbG9jYXRpb25zL2FzaWEtc291dGhlYXN0MS9idWlsZHMvNzhjZjQzODktZDdiMC00MzM1LTkxYzctNzBlNjM0N2Q3MjM3Enhhc2lhLXNvdXRoZWFzdDEtZG9ja2VyLnBrZy5kZXYvZnVlbG9wcy1wcHMvZ2NmLWFydGlmYWN0cy9mdWVsb3BzLS1wcHNfX2FzaWEtLXNvdXRoZWFzdDFfX29uX2Jhc3Rfc3RhdHVzX2NoYW5nZTp2ZXJzaW9uXzEY9YbW1PkKIktwcm9qZWN0cy9mdWVsb3BzLXBwcy9sb2NhdGlvbnMvYXNpYS1zb3V0aGVhc3QxL2Z1bmN0aW9ucy9vbkJhc3RTdGF0dXNDaGFuZ2UqDAi62I3WBhDgnZ/YAjIIbm9kZWpzMjI6egojZ2NyLmlvL2dhZS1ydW50aW1lcy9ub2RlanMyMjpzdGFibGUSU2FzaWEtc291dGhlYXN0MS1kb2NrZXIucGtnLmRldi9zZXJ2ZXJsZXNzLXJ1bnRpbWVzL2dvb2dsZS0yMi1mdWxsL3J1bnRpbWVzL25vZGVqczIyQAE=","operationType":"CREATE_FUNCTION","buildName":"projects/376255644533/locations/asia-southeast1/builds/78cf4389-d7b0-4335-91c7-70e6347d7237"},"done":false}
[debug] [2026-10-05T09:22:30.389Z] Got source token Cltwcm9qZWN0cy8zNzYyNTU2NDQ1MzMvbG9jYXRpb25zL2FzaWEtc291dGhlYXN0MS9idWlsZHMvNzhjZjQzODktZDdiMC00MzM1LTkxYzctNzBlNjM0N2Q3MjM3Enhhc2lhLXNvdXRoZWFzdDEtZG9ja2VyLnBrZy5kZXYvZnVlbG9wcy1wcHMvZ2NmLWFydGlmYWN0cy9mdWVsb3BzLS1wcHNfX2FzaWEtLXNvdXRoZWFzdDFfX29uX2Jhc3Rfc3RhdHVzX2NoYW5nZTp2ZXJzaW9uXzEY9YbW1PkKIktwcm9qZWN0cy9mdWVsb3BzLXBwcy9sb2NhdGlvbnMvYXNpYS1zb3V0aGVhc3QxL2Z1bmN0aW9ucy9vbkJhc3RTdGF0dXNDaGFuZ2UqDAi62I3WBhDgnZ/YAjIIbm9kZWpzMjI6egojZ2NyLmlvL2dhZS1ydW50aW1lcy9ub2RlanMyMjpzdGFibGUSU2FzaWEtc291dGhlYXN0MS1kb2NrZXIucGtnLmRldi9zZXJ2ZXJsZXNzLXJ1bnRpbWVzL2dvb2dsZS0yMi1mdWxsL3J1bnRpbWVzL25vZGVqczIyQAE= for region asia-southeast1
[debug] [2026-10-05T09:22:40.396Z] [create-default-asia-southeast1-onBastStatusChange] Retrying task index 0
[debug] [2026-10-05T09:22:40.396Z] Checked if tokens are valid: true, expires at: 1791195045496
[debug] [2026-10-05T09:22:40.396Z] Checked if tokens are valid: true, expires at: 1791195045496
[debug] [2026-10-05T09:22:40.396Z] >>> [apiv2][query] GET https://cloudfunctions.googleapis.com/v2/projects/fuelops-pps/locations/asia-southeast1/operations/operation-1791192059314-65d14666b82fe-27e80e1e-c52929d5 [none]
[debug] [2026-10-05T09:22:40.539Z] <<< [apiv2][status] GET https://cloudfunctions.googleapis.com/v2/projects/fuelops-pps/locations/asia-southeast1/operations/operation-1791192059314-65d14666b82fe-27e80e1e-c52929d5 200
[debug] [2026-10-05T09:22:40.539Z] <<< [apiv2][body] GET https://cloudfunctions.googleapis.com/v2/projects/fuelops-pps/locations/asia-southeast1/operations/operation-1791192059314-65d14666b82fe-27e80e1e-c52929d5 {"name":"projects/fuelops-pps/locations/asia-southeast1/operations/operation-1791192059314-65d14666b82fe-27e80e1e-c52929d5","metadata":{"@type":"type.googleapis.com/google.cloud.functions.v2.OperationMetadata","createTime":"2026-10-05T09:21:00.718284470Z","target":"projects/fuelops-pps/locations/asia-southeast1/functions/onBastStatusChange","verb":"create","cancelRequested":false,"apiVersion":"v2","requestResource":{"@type":"type.googleapis.com/google.cloud.functions.v2.Function","name":"projects/fuelops-pps/locations/asia-southeast1/functions/onBastStatusChange","buildConfig":{"runtime":"nodejs22","entryPoint":"onBastStatusChange","source":{"storageSource":{"bucket":"gcf-v2-sources-376255644533-asia-southeast1","object":"onBastStatusChange/function-source.zip","generation":"1791192059588059"}},"environmentVariables":{"GOOGLE_NODE_RUN_SCRIPTS":""},"serviceAccount":"projects/fuelops-pps/serviceAccounts/376255644533-compute@developer.gserviceaccount.com","automaticUpdatePolicy":{}},"serviceConfig":{"service":"projects/fuelops-pps/locations/asia-southeast1/services/onbaststatuschange","timeoutSeconds":60,"environmentVariables":{"FIREBASE_CONFIG":"{\"projectId\":\"fuelops-pps\",\"storageBucket\":\"fuelops-pps.firebasestorage.app\"}","GCLOUD_PROJECT":"fuelops-pps","EVENTARC_CLOUD_EVENT_SOURCE":"projects/fuelops-pps/locations/asia-southeast1/services/onBastStatusChange","FUNCTION_SIGNATURE_TYPE":"cloudevent","FUNCTION_TARGET":"onBastStatusChange","LOG_EXECUTION_ID":"true"},"maxInstanceCount":10,"ingressSettings":"ALLOW_ALL","serviceAccountEmail":"376255644533-compute@developer.gserviceaccount.com","availableMemory":"256Mi","maxInstanceRequestConcurrency":80,"availableCpu":"1"},"eventTrigger":{"trigger":"projects/fuelops-pps/locations/asia-southeast1/triggers/onbaststatuschange-058247","triggerRegion":"asia-southeast1","eventType":"google.cloud.firestore.document.v1.written","eventFilters":[{"attribute":"database","value":"(default)"},{"attribute":"namespace","value":"(default)"},{"attribute":"document","value":"bunkerops_bast/{bastId}","operator":"match-path-pattern"}],"serviceAccountEmail":"376255644533-compute@developer.gserviceaccount.com","retryPolicy":"RETRY_POLICY_DO_NOT_RETRY"},"labels":{"deployment-tool":"cli-firebase","firebase-functions-hash":"2939872dc7c540543f38271e9ca04a51931b340d"},"environment":"GEN_2"},"stages":[{"name":"BUILD","message":"Build finished","state":"COMPLETE","resource":"projects/376255644533/locations/asia-southeast1/builds/78cf4389-d7b0-4335-91c7-70e6347d7237","resourceUri":"https://console.cloud.google.com/cloud-build/builds;region=asia-southeast1/78cf4389-d7b0-4335-91c7-70e6347d7237?project=376255644533"},{"name":"SERVICE","message":"Creating Cloud Run service","state":"COMPLETE","resource":"projects/fuelops-pps/locations/asia-southeast1/services/onbaststatuschange","resourceUri":"https://console.cloud.google.com/run/detail/asia-southeast1/onbaststatuschange?project=fuelops-pps"},{"name":"TRIGGER","message":"Creating Eventarc trigger","state":"IN_PROGRESS","resource":"projects/fuelops-pps/locations/asia-southeast1/triggers/onbaststatuschange-058247"}],"sourceToken":"Cltwcm9qZWN0cy8zNzYyNTU2NDQ1MzMvbG9jYXRpb25zL2FzaWEtc291dGhlYXN0MS9idWlsZHMvNzhjZjQzODktZDdiMC00MzM1LTkxYzctNzBlNjM0N2Q3MjM3Enhhc2lhLXNvdXRoZWFzdDEtZG9ja2VyLnBrZy5kZXYvZnVlbG9wcy1wcHMvZ2NmLWFydGlmYWN0cy9mdWVsb3BzLS1wcHNfX2FzaWEtLXNvdXRoZWFzdDFfX29uX2Jhc3Rfc3RhdHVzX2NoYW5nZTp2ZXJzaW9uXzEY9YbW1PkKIktwcm9qZWN0cy9mdWVsb3BzLXBwcy9sb2NhdGlvbnMvYXNpYS1zb3V0aGVhc3QxL2Z1bmN0aW9ucy9vbkJhc3RTdGF0dXNDaGFuZ2UqDAi62I3WBhDgnZ/YAjIIbm9kZWpzMjI6egojZ2NyLmlvL2dhZS1ydW50aW1lcy9ub2RlanMyMjpzdGFibGUSU2FzaWEtc291dGhlYXN0MS1kb2NrZXIucGtnLmRldi9zZXJ2ZXJsZXNzLXJ1bnRpbWVzL2dvb2dsZS0yMi1mdWxsL3J1bnRpbWVzL25vZGVqczIyQAE=","operationType":"CREATE_FUNCTION","buildName":"projects/376255644533/locations/asia-southeast1/builds/78cf4389-d7b0-4335-91c7-70e6347d7237"},"done":false}
[debug] [2026-10-05T09:22:40.540Z] Got source token Cltwcm9qZWN0cy8zNzYyNTU2NDQ1MzMvbG9jYXRpb25zL2FzaWEtc291dGhlYXN0MS9idWlsZHMvNzhjZjQzODktZDdiMC00MzM1LTkxYzctNzBlNjM0N2Q3MjM3Enhhc2lhLXNvdXRoZWFzdDEtZG9ja2VyLnBrZy5kZXYvZnVlbG9wcy1wcHMvZ2NmLWFydGlmYWN0cy9mdWVsb3BzLS1wcHNfX2FzaWEtLXNvdXRoZWFzdDFfX29uX2Jhc3Rfc3RhdHVzX2NoYW5nZTp2ZXJzaW9uXzEY9YbW1PkKIktwcm9qZWN0cy9mdWVsb3BzLXBwcy9sb2NhdGlvbnMvYXNpYS1zb3V0aGVhc3QxL2Z1bmN0aW9ucy9vbkJhc3RTdGF0dXNDaGFuZ2UqDAi62I3WBhDgnZ/YAjIIbm9kZWpzMjI6egojZ2NyLmlvL2dhZS1ydW50aW1lcy9ub2RlanMyMjpzdGFibGUSU2FzaWEtc291dGhlYXN0MS1kb2NrZXIucGtnLmRldi9zZXJ2ZXJsZXNzLXJ1bnRpbWVzL2dvb2dsZS0yMi1mdWxsL3J1bnRpbWVzL25vZGVqczIyQAE= for region asia-southeast1
[debug] [2026-10-05T09:22:50.544Z] [create-default-asia-southeast1-onBastStatusChange] Retrying task index 0
[debug] [2026-10-05T09:22:50.544Z] Checked if tokens are valid: true, expires at: 1791195045496
[debug] [2026-10-05T09:22:50.545Z] Checked if tokens are valid: true, expires at: 1791195045496
[debug] [2026-10-05T09:22:50.545Z] >>> [apiv2][query] GET https://cloudfunctions.googleapis.com/v2/projects/fuelops-pps/locations/asia-southeast1/operations/operation-1791192059314-65d14666b82fe-27e80e1e-c52929d5 [none]
[debug] [2026-10-05T09:22:50.676Z] <<< [apiv2][status] GET https://cloudfunctions.googleapis.com/v2/projects/fuelops-pps/locations/asia-southeast1/operations/operation-1791192059314-65d14666b82fe-27e80e1e-c52929d5 200
[debug] [2026-10-05T09:22:50.677Z] <<< [apiv2][body] GET https://cloudfunctions.googleapis.com/v2/projects/fuelops-pps/locations/asia-southeast1/operations/operation-1791192059314-65d14666b82fe-27e80e1e-c52929d5 {"name":"projects/fuelops-pps/locations/asia-southeast1/operations/operation-1791192059314-65d14666b82fe-27e80e1e-c52929d5","metadata":{"@type":"type.googleapis.com/google.cloud.functions.v2.OperationMetadata","createTime":"2026-10-05T09:21:00.718284470Z","endTime":"2026-10-05T09:22:42.654456490Z","target":"projects/fuelops-pps/locations/asia-southeast1/functions/onBastStatusChange","verb":"create","cancelRequested":false,"apiVersion":"v2","requestResource":{"@type":"type.googleapis.com/google.cloud.functions.v2.Function","name":"projects/fuelops-pps/locations/asia-southeast1/functions/onBastStatusChange","buildConfig":{"runtime":"nodejs22","entryPoint":"onBastStatusChange","source":{"storageSource":{"bucket":"gcf-v2-sources-376255644533-asia-southeast1","object":"onBastStatusChange/function-source.zip","generation":"1791192059588059"}},"environmentVariables":{"GOOGLE_NODE_RUN_SCRIPTS":""},"serviceAccount":"projects/fuelops-pps/serviceAccounts/376255644533-compute@developer.gserviceaccount.com","automaticUpdatePolicy":{}},"serviceConfig":{"service":"projects/fuelops-pps/locations/asia-southeast1/services/onbaststatuschange","timeoutSeconds":60,"environmentVariables":{"FIREBASE_CONFIG":"{\"projectId\":\"fuelops-pps\",\"storageBucket\":\"fuelops-pps.firebasestorage.app\"}","GCLOUD_PROJECT":"fuelops-pps","EVENTARC_CLOUD_EVENT_SOURCE":"projects/fuelops-pps/locations/asia-southeast1/services/onBastStatusChange","FUNCTION_SIGNATURE_TYPE":"cloudevent","FUNCTION_TARGET":"onBastStatusChange","LOG_EXECUTION_ID":"true"},"maxInstanceCount":10,"ingressSettings":"ALLOW_ALL","serviceAccountEmail":"376255644533-compute@developer.gserviceaccount.com","availableMemory":"256Mi","maxInstanceRequestConcurrency":80,"availableCpu":"1"},"eventTrigger":{"trigger":"projects/fuelops-pps/locations/asia-southeast1/triggers/onbaststatuschange-058247","triggerRegion":"asia-southeast1","eventType":"google.cloud.firestore.document.v1.written","eventFilters":[{"attribute":"database","value":"(default)"},{"attribute":"namespace","value":"(default)"},{"attribute":"document","value":"bunkerops_bast/{bastId}","operator":"match-path-pattern"}],"serviceAccountEmail":"376255644533-compute@developer.gserviceaccount.com","retryPolicy":"RETRY_POLICY_DO_NOT_RETRY"},"labels":{"deployment-tool":"cli-firebase","firebase-functions-hash":"2939872dc7c540543f38271e9ca04a51931b340d"},"environment":"GEN_2"},"stages":[{"name":"BUILD","message":"Build finished","state":"COMPLETE","resource":"projects/376255644533/locations/asia-southeast1/builds/78cf4389-d7b0-4335-91c7-70e6347d7237","resourceUri":"https://console.cloud.google.com/cloud-build/builds;region=asia-southeast1/78cf4389-d7b0-4335-91c7-70e6347d7237?project=376255644533"},{"name":"SERVICE","message":"Creating Cloud Run service","state":"COMPLETE","resource":"projects/fuelops-pps/locations/asia-southeast1/services/onbaststatuschange","resourceUri":"https://console.cloud.google.com/run/detail/asia-southeast1/onbaststatuschange?project=fuelops-pps"},{"name":"TRIGGER","message":"Creating Eventarc trigger","state":"COMPLETE","resource":"projects/fuelops-pps/locations/asia-southeast1/triggers/onbaststatuschange-058247"}],"sourceToken":"Cltwcm9qZWN0cy8zNzYyNTU2NDQ1MzMvbG9jYXRpb25zL2FzaWEtc291dGhlYXN0MS9idWlsZHMvNzhjZjQzODktZDdiMC00MzM1LTkxYzctNzBlNjM0N2Q3MjM3Enhhc2lhLXNvdXRoZWFzdDEtZG9ja2VyLnBrZy5kZXYvZnVlbG9wcy1wcHMvZ2NmLWFydGlmYWN0cy9mdWVsb3BzLS1wcHNfX2FzaWEtLXNvdXRoZWFzdDFfX29uX2Jhc3Rfc3RhdHVzX2NoYW5nZTp2ZXJzaW9uXzEY9YbW1PkKIktwcm9qZWN0cy9mdWVsb3BzLXBwcy9sb2NhdGlvbnMvYXNpYS1zb3V0aGVhc3QxL2Z1bmN0aW9ucy9vbkJhc3RTdGF0dXNDaGFuZ2UqDAi62I3WBhDgnZ/YAjIIbm9kZWpzMjI6egojZ2NyLmlvL2dhZS1ydW50aW1lcy9ub2RlanMyMjpzdGFibGUSU2FzaWEtc291dGhlYXN0MS1kb2NrZXIucGtnLmRldi9zZXJ2ZXJsZXNzLXJ1bnRpbWVzL2dvb2dsZS0yMi1mdWxsL3J1bnRpbWVzL25vZGVqczIyQAE=","operationType":"CREATE_FUNCTION","buildName":"projects/376255644533/locations/asia-southeast1/builds/78cf4389-d7b0-4335-91c7-70e6347d7237"},"done":true,"response":{"@type":"type.googleapis.com/google.cloud.functions.v2.Function","name":"projects/fuelops-pps/locations/asia-southeast1/functions/onBastStatusChange","buildConfig":{"build":"projects/376255644533/locations/asia-southeast1/builds/78cf4389-d7b0-4335-91c7-70e6347d7237","runtime":"nodejs22","entryPoint":"onBastStatusChange","source":{"storageSource":{"bucket":"gcf-v2-sources-376255644533-asia-southeast1","object":"onBastStatusChange/function-source.zip","generation":"1791192059588059"}},"environmentVariables":{"GOOGLE_NODE_RUN_SCRIPTS":""},"dockerRepository":"projects/fuelops-pps/locations/asia-southeast1/repositories/gcf-artifacts","sourceProvenance":{"resolvedStorageSource":{"bucket":"gcf-v2-sources-376255644533-asia-southeast1","object":"onBastStatusChange/function-source.zip","generation":"1791192059588059"}},"dockerRegistry":"ARTIFACT_REGISTRY","serviceAccount":"projects/fuelops-pps/serviceAccounts/376255644533-compute@developer.gserviceaccount.com","automaticUpdatePolicy":{}},"serviceConfig":{"service":"projects/fuelops-pps/locations/asia-southeast1/services/onbaststatuschange","timeoutSeconds":60,"environmentVariables":{"FIREBASE_CONFIG":"{\"projectId\":\"fuelops-pps\",\"storageBucket\":\"fuelops-pps.firebasestorage.app\"}","GCLOUD_PROJECT":"fuelops-pps","EVENTARC_CLOUD_EVENT_SOURCE":"projects/fuelops-pps/locations/asia-southeast1/services/onBastStatusChange","FUNCTION_SIGNATURE_TYPE":"cloudevent","FUNCTION_TARGET":"onBastStatusChange","LOG_EXECUTION_ID":"true"},"maxInstanceCount":10,"ingressSettings":"ALLOW_ALL","uri":"https://onbaststatuschange-45oinqt45q-as.a.run.app","serviceAccountEmail":"376255644533-compute@developer.gserviceaccount.com","availableMemory":"256Mi","allTrafficOnLatestRevision":true,"revision":"onbaststatuschange-00001-pil","maxInstanceRequestConcurrency":80,"availableCpu":"1"},"eventTrigger":{"trigger":"projects/fuelops-pps/locations/asia-southeast1/triggers/onbaststatuschange-058247","triggerRegion":"asia-southeast1","eventType":"google.cloud.firestore.document.v1.written","eventFilters":[{"attribute":"namespace","value":"(default)"},{"attribute":"document","value":"bunkerops_bast/{bastId}","operator":"match-path-pattern"},{"attribute":"database","value":"(default)"}],"pubsubTopic":"projects/fuelops-pps/topics/eventarc-asia-southeast1-onbaststatuschange-058247-413","serviceAccountEmail":"376255644533-compute@developer.gserviceaccount.com","retryPolicy":"RETRY_POLICY_DO_NOT_RETRY"},"state":"ACTIVE","updateTime":"2026-10-05T09:21:00.710924094Z","labels":{"deployment-tool":"cli-firebase","firebase-functions-hash":"2939872dc7c540543f38271e9ca04a51931b340d"},"environment":"GEN_2","url":"https://asia-southeast1-fuelops-pps.cloudfunctions.net/onBastStatusChange","satisfiesPzs":true,"createTime":"2026-10-05T09:21:00.710924094Z","satisfiesPzi":true}}
[debug] [2026-10-05T09:22:50.677Z] Got source token Cltwcm9qZWN0cy8zNzYyNTU2NDQ1MzMvbG9jYXRpb25zL2FzaWEtc291dGhlYXN0MS9idWlsZHMvNzhjZjQzODktZDdiMC00MzM1LTkxYzctNzBlNjM0N2Q3MjM3Enhhc2lhLXNvdXRoZWFzdDEtZG9ja2VyLnBrZy5kZXYvZnVlbG9wcy1wcHMvZ2NmLWFydGlmYWN0cy9mdWVsb3BzLS1wcHNfX2FzaWEtLXNvdXRoZWFzdDFfX29uX2Jhc3Rfc3RhdHVzX2NoYW5nZTp2ZXJzaW9uXzEY9YbW1PkKIktwcm9qZWN0cy9mdWVsb3BzLXBwcy9sb2NhdGlvbnMvYXNpYS1zb3V0aGVhc3QxL2Z1bmN0aW9ucy9vbkJhc3RTdGF0dXNDaGFuZ2UqDAi62I3WBhDgnZ/YAjIIbm9kZWpzMjI6egojZ2NyLmlvL2dhZS1ydW50aW1lcy9ub2RlanMyMjpzdGFibGUSU2FzaWEtc291dGhlYXN0MS1kb2NrZXIucGtnLmRldi9zZXJ2ZXJsZXNzLXJ1bnRpbWVzL2dvb2dsZS0yMi1mdWxsL3J1bnRpbWVzL25vZGVqczIyQAE= for region asia-southeast1
[info] +  functions[onBastStatusChange(asia-southeast1)] Successful create operation. 
[debug] [2026-10-05T09:22:50.691Z] Total Function Deployment time: 109307
[debug] [2026-10-05T09:22:50.691Z] 1 Functions Deployed
[debug] [2026-10-05T09:22:50.691Z] 0 Functions Errored
[debug] [2026-10-05T09:22:50.691Z] 0 Function Deployments Aborted
[debug] [2026-10-05T09:22:50.691Z] Average Function Deployment time: 109305
[debug] [2026-10-05T09:22:50.850Z] Checked if tokens are valid: true, expires at: 1791195045496
[debug] [2026-10-05T09:22:50.850Z] Checked if tokens are valid: true, expires at: 1791195045496
[debug] [2026-10-05T09:22:50.851Z] >>> [apiv2][query] GET https://artifactregistry.googleapis.com/v1/projects/fuelops-pps/locations/asia-southeast1/repositories/gcf-artifacts [none]
[debug] [2026-10-05T09:22:51.109Z] <<< [apiv2][status] GET https://artifactregistry.googleapis.com/v1/projects/fuelops-pps/locations/asia-southeast1/repositories/gcf-artifacts 200
[debug] [2026-10-05T09:22:51.109Z] <<< [apiv2][body] GET https://artifactregistry.googleapis.com/v1/projects/fuelops-pps/locations/asia-southeast1/repositories/gcf-artifacts {"name":"projects/fuelops-pps/locations/asia-southeast1/repositories/gcf-artifacts","format":"DOCKER","description":"This repository is created and used by Cloud Functions for storing function docker images.","labels":{"goog-managed-by":"cloudfunctions"},"createTime":"2026-10-05T09:21:16.485337Z","updateTime":"2026-10-05T09:21:58.386693Z","mode":"STANDARD_REPOSITORY","sizeBytes":"102864965","satisfiesPzs":true,"vulnerabilityScanningConfig":{"lastEnableTime":"2026-10-05T09:21:00.909400037Z","enablementState":"SCANNING_DISABLED","enablementStateReason":"API containerscanning.googleapis.com is not enabled."},"satisfiesPzi":true,"registryUri":"asia-southeast1-docker.pkg.dev/fuelops-pps/gcf-artifacts"}
[warn] !  functions: No cleanup policy detected for repositories in asia-southeast1. This may result in a small monthly bill as container images accumulate over time. 
[info] i  functions: Configuring cleanup policy for repository in asia-southeast1. Images older than 7 days will be automatically deleted. 
[debug] [2026-10-05T09:25:52.087Z] Setting up artifact cleanup policy for region asia-southeast1
[debug] [2026-10-05T09:25:52.088Z] Checked if tokens are valid: true, expires at: 1791195045496
[debug] [2026-10-05T09:25:52.088Z] Checked if tokens are valid: true, expires at: 1791195045496
[debug] [2026-10-05T09:25:52.088Z] >>> [apiv2][query] PATCH https://artifactregistry.googleapis.com/v1/projects/fuelops-pps/locations/asia-southeast1/repositories/gcf-artifacts updateMask=name%2CcleanupPolicies%2CcleanupPolicyDryRun%2Clabels
[debug] [2026-10-05T09:25:52.089Z] >>> [apiv2][body] PATCH https://artifactregistry.googleapis.com/v1/projects/fuelops-pps/locations/asia-southeast1/repositories/gcf-artifacts {"name":"projects/fuelops-pps/locations/asia-southeast1/repositories/gcf-artifacts","cleanupPolicies":{"firebase-functions-cleanup":{"id":"firebase-functions-cleanup","condition":{"tagState":"ANY","olderThan":"604800s"},"action":"DELETE"}},"cleanupPolicyDryRun":false,"labels":{"goog-managed-by":"cloudfunctions"}}
[debug] [2026-10-05T09:25:52.378Z] <<< [apiv2][status] PATCH https://artifactregistry.googleapis.com/v1/projects/fuelops-pps/locations/asia-southeast1/repositories/gcf-artifacts 200
[debug] [2026-10-05T09:25:52.382Z] <<< [apiv2][body] PATCH https://artifactregistry.googleapis.com/v1/projects/fuelops-pps/locations/asia-southeast1/repositories/gcf-artifacts {"name":"projects/fuelops-pps/locations/asia-southeast1/repositories/gcf-artifacts","format":"DOCKER","description":"This repository is created and used by Cloud Functions for storing function docker images.","labels":{"goog-managed-by":"cloudfunctions"},"createTime":"2026-10-05T09:21:16.485337Z","updateTime":"2026-10-05T09:25:50.170554Z","mode":"STANDARD_REPOSITORY","cleanupPolicies":{"firebase-functions-cleanup":{"id":"firebase-functions-cleanup","action":"DELETE","condition":{"tagState":"ANY","olderThan":"604800s"}}},"satisfiesPzs":true,"vulnerabilityScanningConfig":{"lastEnableTime":"2026-10-05T09:21:00.909400037Z","enablementState":"SCANNING_DISABLED","enablementStateReason":"API containerscanning.googleapis.com is not enabled."},"satisfiesPzi":true}
[info] i  functions: Configured cleanup policy for repository in asia-southeast1. 
[info] 
[info] +  Deploy complete! 
[info] 
[info] Project Console: https://console.firebase.google.com/project/fuelops-pps/overview
